mist_version,mesa_revision,photometric_system,feh,alpha_fe,v_vcrit,eep,log10_isochrone_age_yr,age_myr,initial_mass,star_mass,gaia_g,gaia_bp,gaia_rp,gaia_bp_rp,phase
1.2,7503,UBVRIplus_Gaia_EDR3_Vega,0.0,0.0,0.4,53,6.0,1.0,0.1,0.0999999552265665,9.133967,11.181287,7.792319,3.3889679999999993,-1.0
1.2,7503,UBVRIplus_Gaia_EDR3_Vega,0.0,0.0,0.4,54,6.0,1.0,0.10078395940862798,0.10078391410176514,9.119267,11.163673,7.778248,3.3854249999999997,-1.0
1.2,7503,UBVRIplus_Gaia_EDR3_Vega,0.0,0.0,0.4,55,6.0,1.0,0.10501789520554958,0.10501784696537689,9.040717,11.069839,7.703004,3.366835,-1.0
1.2,7503,UBVRIplus_Gaia_EDR3_Vega,0.0,0.0,0.4,56,6.0,1.0,0.1092500898083592,0.10925003853134226,8.963148,10.977275,7.628688,3.348587,-1.0
1.2,7503,UBVRIplus_Gaia_EDR3_Vega,0.0,0.0,0.4,57,6.0,1.0,0.11347838873622051,0.11347833431649099,8.886485,10.885887,7.555233,3.330654,-1.0
1.2,7503,UBVRIplus_Gaia_EDR3_Vega,0.0,0.0,0.4,58,6.0,1.0,0.117699386755902,0.11769932908546106,8.810695,10.795642,7.482606,3.313036000000001,-1.0
1.2,7503,UBVRIplus_Gaia_EDR3_Vega,0.0,0.0,0.4,59,6.0,1.0,0.12191030602027217,0.12191024498795726,8.735718,10.70647,7.410753,3.295717,-1.0
1.2,7503,UBVRIplus_Gaia_EDR3_Vega,0.0,0.0,0.4,60,6.0,1.0,0.12612666476224874,0.12612660024280847,8.661337,10.618069,7.339478,3.2785910000000005,-1.0
1.2,7503,UBVRIplus_Gaia_EDR3_Vega,0.0,0.0,0.4,61,6.0,1.0,0.1303306414536362,0.130330573326129,8.587656,10.530613,7.26887,3.261743000000001,-1.0
1.2,7503,UBVRIplus_Gaia_EDR3_Vega,0.0,0.0,0.4,62,6.0,1.0,0.13454330371357467,0.13454323183639913,8.514261,10.443585,7.198542,3.245043000000001,-1.0
1.2,7503,UBVRIplus_Gaia_EDR3_Vega,0.0,0.0,0.4,63,6.0,1.0,0.13875544085921157,0.1387553650897518,8.44112,10.356997,7.128452,3.2285449999999996,-1.0
1.2,7503,UBVRIplus_Gaia_EDR3_Vega,0.0,0.0,0.4,64,6.0,1.0,0.14296661424075713,0.1429665344278715,8.367928,10.270577,7.058291,3.2122859999999998,-1.0
1.2,7503,UBVRIplus_Gaia_EDR3_Vega,0.0,0.0,0.4,65,6.0,1.0,0.14719747221816448,0.14719738818599198,8.294047,10.183619,6.987438,3.196181,-1.0
1.2,7503,UBVRIplus_Gaia_EDR3_Vega,0.0,0.0,0.4,66,6.0,1.0,0.15235950188260106,0.15235941280029755,8.214492,10.08794,6.911678,3.1762619999999995,-1.0
1.2,7503,UBVRIplus_Gaia_EDR3_Vega,0.0,0.0,0.4,67,6.0,1.0,0.1592929407928638,0.15929284519634201,8.127108,9.978259,6.829666,3.148593,-1.0
1.2,7503,UBVRIplus_Gaia_EDR3_Vega,0.0,0.0,0.4,68,6.0,1.0,0.1662235714469495,0.16622346911091584,8.042168,9.870979,6.750233,3.1207460000000005,-1.0
1.2,7503,UBVRIplus_Gaia_EDR3_Vega,0.0,0.0,0.4,69,6.0,1.0,0.173128981723764,0.17312887244613462,7.960094,9.766542,6.673805,3.0927369999999996,-1.0
1.2,7503,UBVRIplus_Gaia_EDR3_Vega,0.0,0.0,0.4,70,6.0,1.0,0.17999661457045765,0.1799964981771391,7.881416,9.665466,6.600921,3.0645450000000007,-1.0
1.2,7503,UBVRIplus_Gaia_EDR3_Vega,0.0,0.0,0.4,71,6.0,1.0,0.1868081245324693,0.18680800088549776,7.806502,9.568172,6.531938,3.0362340000000003,-1.0
1.2,7503,UBVRIplus_Gaia_EDR3_Vega,0.0,0.0,0.4,72,6.0,1.0,0.19354770142619399,0.1935475704322248,7.735778,9.47518,6.467257,3.007923,-1.0
1.2,7503,UBVRIplus_Gaia_EDR3_Vega,0.0,0.0,0.4,73,6.0,1.0,0.20017561513123225,0.20017547678820508,7.670145,9.387611,6.407712,2.9798989999999996,-1.0
1.2,7503,UBVRIplus_Gaia_EDR3_Vega,0.0,0.0,0.4,74,6.0,1.0,0.206045941733572,0.2060457974405788,7.627968,9.32789,6.370498,2.9573919999999996,-1.0
1.2,7503,UBVRIplus_Gaia_EDR3_Vega,0.0,0.0,0.4,75,6.0,1.0,0.21196604177212658,0.21196589134150853,7.584354,9.266865,6.33189,2.9349749999999997,-1.0
1.2,7503,UBVRIplus_Gaia_EDR3_Vega,0.0,0.0,0.4,76,6.0,1.0,0.2179477005800915,0.21794754381062204,7.539286,9.204505,6.291875,2.912629999999999,-1.0
1.2,7503,UBVRIplus_Gaia_EDR3_Vega,0.0,0.0,0.4,77,6.0,1.0,0.22394894861980966,0.22394878535932955,7.494041,9.142076,6.251734,2.8903419999999995,-1.0
1.2,7503,UBVRIplus_Gaia_EDR3_Vega,0.0,0.0,0.4,78,6.0,1.0,0.22994023310594286,0.22994006324075794,7.449405,9.080351,6.212247,2.8681040000000007,-1.0
1.2,7503,UBVRIplus_Gaia_EDR3_Vega,0.0,0.0,0.4,79,6.0,1.0,0.23592569867538968,0.2359255220939337,7.405247,9.019164,6.173295,2.8458689999999995,-1.0
1.2,7503,UBVRIplus_Gaia_EDR3_Vega,0.0,0.0,0.4,80,6.0,1.0,0.24192306331501467,0.24192287988957234,7.36101,8.957876,6.134336,2.8235400000000004,-1.0
1.2,7503,UBVRIplus_Gaia_EDR3_Vega,0.0,0.0,0.4,81,6.0,1.0,0.24793732445130953,0.24793713405052406,7.316588,8.896422,6.095244,2.8011779999999993,-1.0
1.2,7503,UBVRIplus_Gaia_EDR3_Vega,0.0,0.0,0.4,82,6.0,1.0,0.25621807471371527,0.2562178751008464,7.261978,8.820572,6.047357,2.7732150000000004,-1.0
1.2,7503,UBVRIplus_Gaia_EDR3_Vega,0.0,0.0,0.4,83,6.0,1.0,0.26572311511915514,0.2657229049749431,7.20163,8.736748,5.994537,2.742211,-1.0
1.2,7503,UBVRIplus_Gaia_EDR3_Vega,0.0,0.0,0.4,84,6.0,1.0,0.2753183326882895,0.2753181117426118,7.140205,8.651763,5.940771,2.710992000000001,-1.0
1.2,7503,UBVRIplus_Gaia_EDR3_Vega,0.0,0.0,0.4,85,6.0,1.0,0.28499913427294177,0.28499890225880675,7.077775,8.565724,5.886117,2.679607,-1.0
1.2,7503,UBVRIplus_Gaia_EDR3_Vega,0.0,0.0,0.4,86,6.0,1.0,0.2947643638576259,0.29476412050765016,7.014324,8.478621,5.830562,2.648059000000001,-1.0
1.2,7503,UBVRIplus_Gaia_EDR3_Vega,0.0,0.0,0.4,87,6.0,1.0,0.3038419807893763,0.30384172675938015,6.955979,8.397585,5.779891,2.6176939999999993,-1.0
1.2,7503,UBVRIplus_Gaia_EDR3_Vega,0.0,0.0,0.4,88,6.0,1.0,0.3104502842937497,0.31045002245313436,6.914027,8.338398,5.743833,2.5945649999999993,-1.0
1.2,7503,UBVRIplus_Gaia_EDR3_Vega,0.0,0.0,0.4,89,6.0,1.0,0.3122439007680464,0.31224363697756485,6.901504,8.321078,5.732965,2.588113,-1.0
1.2,7503,UBVRIplus_Gaia_EDR3_Vega,0.0,0.0,0.4,90,6.0,1.0,0.31400092551415926,0.3140006597329327,6.889934,8.30492,5.72298,2.5819399999999995,-1.0
1.2,7503,UBVRIplus_Gaia_EDR3_Vega,0.0,0.0,0.4,91,6.0,1.0,0.31572350936882054,0.31572324156151255,6.879185,8.289764,5.713756,2.576008,-1.0
1.2,7503,UBVRIplus_Gaia_EDR3_Vega,0.0,0.0,0.4,92,6.0,1.0,0.3174132956355738,0.3174130257721129,6.869197,8.275558,5.70523,2.570328,-1.0
1.2,7503,UBVRIplus_Gaia_EDR3_Vega,0.0,0.0,0.4,93,6.0,1.0,0.31907207572403257,0.3190718037785219,6.859836,8.26212,5.697283,2.564837,-1.0
1.2,7503,UBVRIplus_Gaia_EDR3_Vega,0.0,0.0,0.4,94,6.0,1.0,0.3229307839088963,0.3229305072263827,6.837427,8.229853,5.678308,2.551545,-1.0
1.2,7503,UBVRIplus_Gaia_EDR3_Vega,0.0,0.0,0.4,95,6.0,1.0,0.329669303704747,0.3296690187852798,6.797597,8.172731,5.644584,2.5281470000000006,-1.0
1.2,7503,UBVRIplus_Gaia_EDR3_Vega,0.0,0.0,0.4,96,6.0,1.0,0.3414601324732061,0.34145983319494533,6.72777,8.073049,5.585477,2.4875719999999992,-1.0
1.2,7503,UBVRIplus_Gaia_EDR3_Vega,0.0,0.0,0.4,97,6.0,1.0,0.35422176937671934,0.3542214543475718,6.653041,7.966075,5.522548,2.4435270000000004,-1.0
1.2,7503,UBVRIplus_Gaia_EDR3_Vega,0.0,0.0,0.4,98,6.0,1.0,0.3683578827403856,0.36835755006258397,6.571014,7.848502,5.453814,2.3946879999999995,-1.0
1.2,7503,UBVRIplus_Gaia_EDR3_Vega,0.0,0.0,0.4,99,6.0,1.0,0.38177025782238905,0.3817699080109896,6.494784,7.739185,5.390247,2.3489380000000004,-1.0
1.2,7503,UBVRIplus_Gaia_EDR3_Vega,0.0,0.0,0.4,100,6.0,1.0,0.39529093209684074,0.39529056492922243,6.419168,7.630855,5.327455,2.303400000000001,-1.0
1.2,7503,UBVRIplus_Gaia_EDR3_Vega,0.0,0.0,0.4,101,6.0,1.0,0.4141990372174724,0.41419864545956064,6.314836,7.481699,5.241254,2.2404450000000002,-1.0
1.2,7503,UBVRIplus_Gaia_EDR3_Vega,0.0,0.0,0.4,102,6.0,1.0,0.4330927326849108,0.43309231608437837,6.21223,7.337158,5.156301,2.1808569999999996,-1.0
1.2,7503,UBVRIplus_Gaia_EDR3_Vega,0.0,0.0,0.4,103,6.0,1.0,0.4524267214450511,0.45242627915604944,6.108949,7.194313,5.070425,2.123888,-1.0
1.2,7503,UBVRIplus_Gaia_EDR3_Vega,0.0,0.0,0.4,104,6.0,1.0,0.473487859019842,0.4734873885063957,6.000076,7.045404,4.980219,2.0651850000000005,-1.0
1.2,7503,UBVRIplus_Gaia_EDR3_Vega,0.0,0.0,0.4,105,6.0,1.0,0.49464660624925505,0.49464610704661793,5.890909,6.898132,4.890024,2.008108,-1.0
1.2,7503,UBVRIplus_Gaia_EDR3_Vega,0.0,0.0,0.4,106,6.0,1.0,0.5201552392079962,0.5201547050936817,5.764609,6.7293,4.78622,1.9430800000000001,-1.0
1.2,7503,UBVRIplus_Gaia_EDR3_Vega,0.0,0.0,0.4,107,6.0,1.0,0.5472457852620175,0.547245213660889,5.6325,6.554729,4.677867,1.876862,-1.0
1.2,7503,UBVRIplus_Gaia_EDR3_Vega,0.0,0.0,0.4,108,6.0,1.0,0.5758318271752304,0.5758312164271945,5.502603,6.386696,4.570321,1.8163749999999999,-1.0
1.2,7503,UBVRIplus_Gaia_EDR3_Vega,0.0,0.0,0.4,109,6.0,1.0,0.6038559189271482,0.6038552694757545,5.37875,6.22816,4.467532,1.7606279999999996,-1.0
1.2,7503,UBVRIplus_Gaia_EDR3_Vega,0.0,0.0,0.4,110,6.0,1.0,0.6275390886666309,0.6275384064841332,5.280806,6.103678,4.386115,1.7175630000000002,-1.0
1.2,7503,UBVRIplus_Gaia_EDR3_Vega,0.0,0.0,0.4,111,6.0,1.0,0.6511580349927084,0.6511573196766578,5.183785,5.981019,4.305338,1.675681,-1.0
1.2,7503,UBVRIplus_Gaia_EDR3_Vega,0.0,0.0,0.4,112,6.0,1.0,0.6746798879089629,0.6746791391081057,5.088308,5.86096,4.225627,1.6353330000000001,-1.0
1.2,7503,UBVRIplus_Gaia_EDR3_Vega,0.0,0.0,0.4,113,6.0,1.0,0.6980758177821711,0.6980750351960457,4.995029,5.744327,4.147435,1.5968920000000004,-1.0
1.2,7503,UBVRIplus_Gaia_EDR3_Vega,0.0,0.0,0.4,114,6.0,1.0,0.7284791504207452,0.7284783253895545,4.897933,5.625216,4.064585,1.5606309999999999,-1.0
1.2,7503,UBVRIplus_Gaia_EDR3_Vega,0.0,0.0,0.4,115,6.0,1.0,0.7595640544342731,0.759563185463287,4.800572,5.50633,3.981083,1.5252470000000002,-1.0
1.2,7503,UBVRIplus_Gaia_EDR3_Vega,0.0,0.0,0.4,116,6.0,1.0,0.790666726293942,0.7906658126637477,4.703713,5.38873,3.897452,1.4912779999999999,-1.0
1.2,7503,UBVRIplus_Gaia_EDR3_Vega,0.0,0.0,0.4,117,6.0,1.0,0.8218016999132937,0.8218007408913067,4.60687,5.272289,3.813046,1.4592429999999998,-1.0
1.2,7503,UBVRIplus_Gaia_EDR3_Vega,0.0,0.0,0.4,118,6.0,1.0,0.8529782001131262,0.8529771949589986,4.510006,5.156977,3.727972,1.4290050000000005,-1.0
1.2,7503,UBVRIplus_Gaia_EDR3_Vega,0.0,0.0,0.4,119,6.0,1.0,0.8841207784462584,0.8841197265288298,4.414237,5.043565,3.642972,1.4005930000000002,-1.0
1.2,7503,UBVRIplus_Gaia_EDR3_Vega,0.0,0.0,0.4,120,6.0,1.0,0.9168873199492564,0.9168862192232432,4.32389,4.938874,3.562487,1.3763870000000002,-1.0
1.2,7503,UBVRIplus_Gaia_EDR3_Vega,0.0,0.0,0.4,121,6.0,1.0,0.9511189103727808,0.9511177589773389,4.240147,4.843038,3.487165,1.3558729999999999,-1.0
1.2,7503,UBVRIplus_Gaia_EDR3_Vega,0.0,0.0,0.4,122,6.0,1.0,0.9883358878246498,0.9883346805881243,4.150066,4.740085,3.405862,1.3342229999999997,-1.0
1.2,7503,UBVRIplus_Gaia_EDR3_Vega,0.0,0.0,0.4,123,6.0,1.0,1.0270051237846438,1.0270038584858878,4.064114,4.642763,3.328068,1.3146950000000004,-1.0
1.2,7503,UBVRIplus_Gaia_EDR3_Vega,0.0,0.0,0.4,124,6.0,1.0,1.0512171353807989,1.0512158336355353,4.012748,4.584953,3.281572,1.3033809999999995,-1.0
1.2,7503,UBVRIplus_Gaia_EDR3_Vega,0.0,0.0,0.4,125,6.0,1.0,1.0817419072504835,1.0817405595333907,3.950645,4.515316,3.225364,1.2899520000000004,-1.0
1.2,7503,UBVRIplus_Gaia_EDR3_Vega,0.0,0.0,0.4,126,6.0,1.0,1.1201030496673443,1.120101643722996,3.874747,4.430409,3.15684,1.2735690000000002,-1.0
1.2,7503,UBVRIplus_Gaia_EDR3_Vega,0.0,0.0,0.4,127,6.0,1.0,1.1561816070429607,1.1561801464118875,3.807154,4.355097,3.095882,1.2592149999999998,-1.0
1.2,7503,UBVRIplus_Gaia_EDR3_Vega,0.0,0.0,0.4,128,6.0,1.0,1.2095848786421728,1.2095833362683444,3.711409,4.24858,3.009936,1.2386439999999994,-1.0
1.2,7503,UBVRIplus_Gaia_EDR3_Vega,0.0,0.0,0.4,129,6.0,1.0,1.237158603327984,1.2371570185572445,3.662423,4.193841,2.966429,1.2274119999999997,-1.0
1.2,7503,UBVRIplus_Gaia_EDR3_Vega,0.0,0.0,0.4,130,6.0,1.0,1.9440655123917348,1.9440628086676852,2.75011,3.196696,2.149205,1.0474910000000004,-1.0
1.2,7503,UBVRIplus_Gaia_EDR3_Vega,0.0,0.0,0.4,131,6.0,1.0,2.1556325123957656,2.1556294589870943,2.528325,2.959656,1.943649,1.0160069999999999,-1.0
1.2,7503,UBVRIplus_Gaia_EDR3_Vega,0.0,0.0,0.4,132,6.0,1.0,2.368923149390132,2.3689197327912694,2.309261,2.726698,1.738187,0.9885109999999999,-1.0
1.2,7503,UBVRIplus_Gaia_EDR3_Vega,0.0,0.0,0.4,133,6.0,1.0,2.513435002640332,2.5134313319764976,2.157817,2.566044,1.594985,0.9710590000000001,-1.0
1.2,7503,UBVRIplus_Gaia_EDR3_Vega,0.0,0.0,0.4,134,6.0,1.0,2.714724765091323,2.714720725146612,1.932076,2.326947,1.379991,0.9469560000000001,-1.0
1.2,7503,UBVRIplus_Gaia_EDR3_Vega,0.0,0.0,0.4,135,6.0,1.0,2.8640159086437476,2.8640115747258656,1.737644,2.121346,1.193468,0.927878,-1.0
1.2,7503,UBVRIplus_Gaia_EDR3_Vega,0.0,0.0,0.4,77,6.4771212547,2.999999999864177,0.10357900658438171,0.10357892420229609,9.76948,11.694194,8.454448,3.2397460000000002,-1.0
1.2,7503,UBVRIplus_Gaia_EDR3_Vega,0.0,0.0,0.4,78,6.4771212547,2.999999999864177,0.10646557055705777,0.10646548529578143,9.729383,11.641203,8.417223,3.223980000000001,-1.0
1.2,7503,UBVRIplus_Gaia_EDR3_Vega,0.0,0.0,0.4,79,6.4771212547,2.999999999864177,0.11035905555061223,0.1103589663562696,9.675106,11.56997,8.366794,3.203175999999999,-1.0
1.2,7503,UBVRIplus_Gaia_EDR3_Vega,0.0,0.0,0.4,80,6.4771212547,2.999999999864177,0.11425522721264324,0.11425513399961876,9.620823,11.49906,8.316365,3.1826950000000007,-1.0
1.2,7503,UBVRIplus_Gaia_EDR3_Vega,0.0,0.0,0.4,81,6.4771212547,2.999999999864177,0.11815374659892841,0.11815364928381913,9.566536,11.428464,8.265947,3.1625169999999994,-1.0
1.2,7503,UBVRIplus_Gaia_EDR3_Vega,0.0,0.0,0.4,82,6.4771212547,2.999999999864177,0.12205479576311114,0.12205469426404851,9.51225,11.358191,8.215542,3.1426490000000005,-1.0
1.2,7503,UBVRIplus_Gaia_EDR3_Vega,0.0,0.0,0.4,83,6.4771212547,2.999999999864177,0.12595861100709801,0.12595850524440988,9.458009,11.288313,8.16519,3.1231229999999996,-1.0
1.2,7503,UBVRIplus_Gaia_EDR3_Vega,0.0,0.0,0.4,84,6.4771212547,2.999999999864177,0.12986469061461844,0.12986458050999714,9.40379,11.218775,8.114876,3.103899,-1.0
1.2,7503,UBVRIplus_Gaia_EDR3_Vega,0.0,0.0,0.4,85,6.4771212547,2.999999999864177,0.13377297203795865,0.13377285751477958,9.34961,11.149596,8.064613,3.084983000000001,-1.0
1.2,7503,UBVRIplus_Gaia_EDR3_Vega,0.0,0.0,0.4,86,6.4771212547,2.999999999864177,0.13768367910352203,0.13768356008619786,9.295466,11.080764,8.014404,3.0663599999999995,-1.0
1.2,7503,UBVRIplus_Gaia_EDR3_Vega,0.0,0.0,0.4,87,6.4771212547,2.999999999864177,0.1415965563641211,0.14159643277900752,9.241409,11.012343,7.964183,3.0481599999999993,-1.0
1.2,7503,UBVRIplus_Gaia_EDR3_Vega,0.0,0.0,0.4,88,6.4771212547,2.999999999864177,0.14575912581063596,0.14575899733699074,9.186168,10.942144,7.91284,3.0293040000000007,-1.0
1.2,7503,UBVRIplus_Gaia_EDR3_Vega,0.0,0.0,0.4,89,6.4771212547,2.999999999864177,0.1511251630018972,0.151125028344618,9.12485,10.864548,7.855823,3.008724999999999,-1.0
1.2,7503,UBVRIplus_Gaia_EDR3_Vega,0.0,0.0,0.4,90,6.4771212547,2.999999999864177,0.15652943723964885,0.156529296258075,9.063307,10.787097,7.798572,2.988524999999999,-1.0
1.2,7503,UBVRIplus_Gaia_EDR3_Vega,0.0,0.0,0.4,91,6.4771212547,2.999999999864177,0.16328582535793862,0.1632856765498546,8.994636,10.701298,7.734624,2.9666739999999994,-1.0
1.2,7503,UBVRIplus_Gaia_EDR3_Vega,0.0,0.0,0.4,92,6.4771212547,2.999999999864177,0.17057021934145855,0.17057006202344974,8.922874,10.612177,7.667757,2.944420000000001,-1.0
1.2,7503,UBVRIplus_Gaia_EDR3_Vega,0.0,0.0,0.4,93,6.4771212547,2.999999999864177,0.1779401624405353,0.17793999638085778,8.850219,10.522359,7.600046,2.922313,-1.0
1.2,7503,UBVRIplus_Gaia_EDR3_Vega,0.0,0.0,0.4,94,6.4771212547,2.999999999864177,0.18539836916174382,0.18539819412432212,8.776548,10.431602,7.5314,2.900202,-1.0
1.2,7503,UBVRIplus_Gaia_EDR3_Vega,0.0,0.0,0.4,95,6.4771212547,2.999999999864177,0.1927508740227391,0.19275069008295725,8.705465,10.343993,7.465267,2.8787259999999995,-1.0
1.2,7503,UBVRIplus_Gaia_EDR3_Vega,0.0,0.0,0.4,96,6.4771212547,2.999999999864177,0.1997829464004421,0.19978275397367326,8.640883,10.264023,7.405368,2.8586549999999997,-1.0
1.2,7503,UBVRIplus_Gaia_EDR3_Vega,0.0,0.0,0.4,97,6.4771212547,2.999999999864177,0.20685741145767303,0.2068572103684827,8.575871,10.183578,7.345118,2.8384600000000004,-1.0
1.2,7503,UBVRIplus_Gaia_EDR3_Vega,0.0,0.0,0.4,98,6.4771212547,2.999999999864177,0.21324631213016743,0.21324610336424682,8.524049,10.118611,7.297397,2.8212139999999994,-1.0
1.2,7503,UBVRIplus_Gaia_EDR3_Vega,0.0,0.0,0.4,99,6.4771212547,2.999999999864177,0.21964756053022544,0.21964734395117594,8.472258,10.053753,7.24972,2.8040330000000004,-1.0
1.2,7503,UBVRIplus_Gaia_EDR3_Vega,0.0,0.0,0.4,100,6.4771212547,2.999999999864177,0.2260612365086212,0.22606101198085882,8.420469,9.988941,7.202062,2.7868790000000008,-1.0
1.2,7503,UBVRIplus_Gaia_EDR3_Vega,0.0,0.0,0.4,101,6.4771212547,2.999999999864177,0.2324875568403214,0.23248732422894097,8.368672,9.924145,7.154416,2.769728999999999,-1.0
1.2,7503,UBVRIplus_Gaia_EDR3_Vega,0.0,0.0,0.4,102,6.4771212547,2.999999999864177,0.23893057423609498,0.23893033340289546,8.316747,9.859188,7.106673,2.752515,-1.0
1.2,7503,UBVRIplus_Gaia_EDR3_Vega,0.0,0.0,0.4,103,6.4771212547,2.999999999864177,0.2463831514863015,0.24638290114599573,8.259158,9.786501,7.053951,2.73255,-1.0
1.2,7503,UBVRIplus_Gaia_EDR3_Vega,0.0,0.0,0.4,104,6.4771212547,2.999999999864177,0.2547618098660266,0.25476154879941204,8.196268,9.706532,6.996604,2.7099279999999997,-1.0
1.2,7503,UBVRIplus_Gaia_EDR3_Vega,0.0,0.0,0.4,105,6.4771212547,2.999999999864177,0.2637316347588373,0.2637313621123232,8.129912,9.621859,6.936267,2.6855920000000006,-1.0
1.2,7503,UBVRIplus_Gaia_EDR3_Vega,0.0,0.0,0.4,106,6.4771212547,2.999999999864177,0.27448467852551683,0.27448439201438846,8.053148,9.522964,6.866873,2.656091,-1.0
1.2,7503,UBVRIplus_Gaia_EDR3_Vega,0.0,0.0,0.4,107,6.4771212547,2.999999999864177,0.28530355650203837,0.2853032558411291,7.975797,9.423309,6.797058,2.626251,-1.0
1.2,7503,UBVRIplus_Gaia_EDR3_Vega,0.0,0.0,0.4,108,6.4771212547,2.999999999864177,0.2949514567570507,0.29495114332009964,7.907419,9.334285,6.735754,2.5985309999999995,-1.0
1.2,7503,UBVRIplus_Gaia_EDR3_Vega,0.0,0.0,0.4,109,6.4771212547,2.999999999864177,0.3027613039781786,0.3027609801324601,7.85171,9.262029,6.685783,2.5762460000000003,-1.0
1.2,7503,UBVRIplus_Gaia_EDR3_Vega,0.0,0.0,0.4,110,6.4771212547,2.999999999864177,0.3083257672447295,0.3083254359367844,7.812321,9.210374,6.650686,2.5596879999999995,-1.0
1.2,7503,UBVRIplus_Gaia_EDR3_Vega,0.0,0.0,0.4,111,6.4771212547,2.999999999864177,0.3120803610305915,0.312080024664793,7.785912,9.175276,6.627337,2.5479390000000004,-1.0
1.2,7503,UBVRIplus_Gaia_EDR3_Vega,0.0,0.0,0.4,112,6.4771212547,2.999999999864177,0.31357881205558974,0.31357847374303555,7.775236,9.161159,6.61788,2.543278999999999,-1.0
1.2,7503,UBVRIplus_Gaia_EDR3_Vega,0.0,0.0,0.4,113,6.4771212547,2.999999999864177,0.31505493441508947,0.3150545941453615,7.764822,9.147332,6.608675,2.5386570000000006,-1.0
1.2,7503,UBVRIplus_Gaia_EDR3_Vega,0.0,0.0,0.4,114,6.4771212547,2.999999999864177,0.31651043606644275,0.31651009383138645,7.754622,9.133757,6.599674,2.534082999999999,-1.0
1.2,7503,UBVRIplus_Gaia_EDR3_Vega,0.0,0.0,0.4,115,6.4771212547,2.999999999864177,0.31794524768231236,0.3179449034738185,7.744616,9.120391,6.590863,2.529528,-1.0
1.2,7503,UBVRIplus_Gaia_EDR3_Vega,0.0,0.0,0.4,116,6.4771212547,2.999999999864177,0.3212116165935423,0.321211267909584,7.723545,9.092133,6.572359,2.519774000000001,-1.0
1.2,7503,UBVRIplus_Gaia_EDR3_Vega,0.0,0.0,0.4,117,6.4771212547,2.999999999864177,0.32569398877107325,0.32569363391218165,7.695002,9.053888,6.547298,2.506590000000001,-1.0
1.2,7503,UBVRIplus_Gaia_EDR3_Vega,0.0,0.0,0.4,118,6.4771212547,2.999999999864177,0.3351377017777522,0.33513733393154066,7.636217,8.975193,6.495731,2.4794620000000007,-1.0
1.2,7503,UBVRIplus_Gaia_EDR3_Vega,0.0,0.0,0.4,119,6.4771212547,2.999999999864177,0.34312063376134816,0.3431202547960037,7.587886,8.910426,6.453429,2.4569969999999994,-1.0
1.2,7503,UBVRIplus_Gaia_EDR3_Vega,0.0,0.0,0.4,120,6.4771212547,2.999999999864177,0.3599042009486807,0.3599037985386879,7.487989,8.776763,6.366131,2.4106320000000006,-1.0
1.2,7503,UBVRIplus_Gaia_EDR3_Vega,0.0,0.0,0.4,121,6.4771212547,2.999999999864177,0.37274221518003225,0.37274179468165397,7.414084,8.677858,6.301744,2.3761140000000003,-1.0
1.2,7503,UBVRIplus_Gaia_EDR3_Vega,0.0,0.0,0.4,122,6.4771212547,2.999999999864177,0.39278788820830046,0.39278743908963976,7.30528,8.532116,6.207322,2.3247940000000007,-1.0
1.2,7503,UBVRIplus_Gaia_EDR3_Vega,0.0,0.0,0.4,123,6.4771212547,2.999999999864177,0.41006307666576436,0.4100626025503592,7.215607,8.41226,6.12971,2.2825499999999996,-1.0
1.2,7503,UBVRIplus_Gaia_EDR3_Vega,0.0,0.0,0.4,124,6.4771212547,2.999999999864177,0.43144060593384775,0.43144010059345717,7.108755,8.269975,6.037406,2.2325690000000007,-1.0
1.2,7503,UBVRIplus_Gaia_EDR3_Vega,0.0,0.0,0.4,125,6.4771212547,2.999999999864177,0.45387571841534513,0.45387517991944026,7.001588,8.127843,5.945062,2.1827810000000003,-1.0
1.2,7503,UBVRIplus_Gaia_EDR3_Vega,0.0,0.0,0.4,126,6.4771212547,2.999999999864177,0.4770597664505237,0.477059193318894,6.892948,7.985158,5.851367,2.1337910000000004,-1.0
1.2,7503,UBVRIplus_Gaia_EDR3_Vega,0.0,0.0,0.4,127,6.4771212547,2.999999999864177,0.5024720807101725,0.5024714690597567,6.780767,7.837996,5.755166,2.0828300000000004,-1.0
1.2,7503,UBVRIplus_Gaia_EDR3_Vega,0.0,0.0,0.4,128,6.4771212547,2.999999999864177,0.528239117154385,0.5282384661673298,6.669693,7.694165,5.659874,2.0342909999999996,-1.0
1.2,7503,UBVRIplus_Gaia_EDR3_Vega,0.0,0.0,0.4,129,6.4771212547,2.999999999864177,0.5574680077893968,0.5574673117886086,6.549175,7.538749,5.557141,1.9816080000000005,-1.0
1.2,7503,UBVRIplus_Gaia_EDR3_Vega,0.0,0.0,0.4,130,6.4771212547,2.999999999864177,0.5844679744844643,0.5844672365342912,6.439672,7.398063,5.464334,1.9337289999999996,-1.0
1.2,7503,UBVRIplus_Gaia_EDR3_Vega,0.0,0.0,0.4,131,6.4771212547,2.999999999864177,0.6111665947953306,0.6111658151403487,6.336616,7.266793,5.377002,1.8897909999999998,-1.0
1.2,7503,UBVRIplus_Gaia_EDR3_Vega,0.0,0.0,0.4,132,6.4771212547,2.999999999864177,0.6355206850012228,0.6355198668825262,6.244385,7.149544,5.299172,1.8503719999999992,-1.0
1.2,7503,UBVRIplus_Gaia_EDR3_Vega,0.0,0.0,0.4,133,6.4771212547,2.999999999864177,0.6578826544215006,0.6578818005771228,6.161537,7.044379,5.229508,1.8148710000000001,-1.0
1.2,7503,UBVRIplus_Gaia_EDR3_Vega,0.0,0.0,0.4,134,6.4771212547,2.999999999864177,0.6814406968044898,0.6814398050797932,6.076707,6.937157,5.158206,1.7789510000000002,-1.0
1.2,7503,UBVRIplus_Gaia_EDR3_Vega,0.0,0.0,0.4,135,6.4771212547,2.999999999864177,0.7076442193292949,0.7076432853098176,5.985068,6.82147,5.081397,1.7400729999999998,-1.0
1.2,7503,UBVRIplus_Gaia_EDR3_Vega,0.0,0.0,0.4,136,6.4771212547,2.999999999864177,0.7340281735951482,0.7340271965485281,5.894403,6.707647,5.005269,1.7023779999999995,-1.0
1.2,7503,UBVRIplus_Gaia_EDR3_Vega,0.0,0.0,0.4,137,6.4771212547,2.999999999864177,0.7648523433130263,0.7648513158948236,5.791634,6.578483,4.919322,1.659161,-1.0
1.2,7503,UBVRIplus_Gaia_EDR3_Vega,0.0,0.0,0.4,138,6.4771212547,2.999999999864177,0.7955338295219092,0.7955327513806905,5.691112,6.45293,4.834936,1.6179940000000004,-1.0
1.2,7503,UBVRIplus_Gaia_EDR3_Vega,0.0,0.0,0.4,139,6.4771212547,2.999999999864177,0.8260430591066048,0.826041929953168,5.593349,6.331636,4.752431,1.579205,-1.0
1.2,7503,UBVRIplus_Gaia_EDR3_Vega,0.0,0.0,0.4,140,6.4771212547,2.999999999864177,0.8565583890843569,0.8565572083421064,5.496127,6.21167,4.669955,1.541715,-1.0
1.2,7503,UBVRIplus_Gaia_EDR3_Vega,0.0,0.0,0.4,141,6.4771212547,2.999999999864177,0.8877207266361927,0.8877194931381079,5.402864,6.097595,4.590101,1.5074940000000003,-1.0
1.2,7503,UBVRIplus_Gaia_EDR3_Vega,0.0,0.0,0.4,142,6.4771212547,2.999999999864177,0.9189366567753414,0.9189353699345681,5.31089,5.986241,4.510542,1.4756989999999996,-1.0
1.2,7503,UBVRIplus_Gaia_EDR3_Vega,0.0,0.0,0.4,143,6.4771212547,2.999999999864177,0.9542028015700755,0.9542014541995056,5.210988,5.866514,4.423348,1.4431659999999997,-1.0
1.2,7503,UBVRIplus_Gaia_EDR3_Vega,0.0,0.0,0.4,144,6.4771212547,2.999999999864177,0.9861906106850182,0.9861892083666086,5.123855,5.763098,4.346739,1.416359,-1.0
1.2,7503,UBVRIplus_Gaia_EDR3_Vega,0.0,0.0,0.4,145,6.4771212547,2.999999999864177,1.015036069639335,1.0150346172883065,5.045521,5.67079,4.277574,1.3932159999999998,-1.0
1.2,7503,UBVRIplus_Gaia_EDR3_Vega,0.0,0.0,0.4,146,6.4771212547,2.999999999864177,1.0520100170014959,1.052008500374538,4.949715,5.558643,4.19244,1.3662029999999996,-1.0
1.2,7503,UBVRIplus_Gaia_EDR3_Vega,0.0,0.0,0.4,147,6.4771212547,2.999999999864177,1.081799318453841,1.0817977498039337,4.875043,5.472273,4.126205,1.3460680000000007,-1.0
1.2,7503,UBVRIplus_Gaia_EDR3_Vega,0.0,0.0,0.4,148,6.4771212547,2.999999999864177,1.1133280204679175,1.1133263966230151,4.798045,5.38367,4.057813,1.325857,-1.0
1.2,7503,UBVRIplus_Gaia_EDR3_Vega,0.0,0.0,0.4,149,6.4771212547,2.999999999864177,1.1573841329348125,1.1573824312914684,4.693849,5.264026,3.965069,1.2989570000000001,-1.0
1.2,7503,UBVRIplus_Gaia_EDR3_Vega,0.0,0.0,0.4,150,6.4771212547,2.999999999864177,1.5619948701098072,1.5619923743933124,3.824989,4.294596,3.198016,1.0965800000000003,-1.0
1.2,7503,UBVRIplus_Gaia_EDR3_Vega,0.0,0.0,0.4,151,6.4771212547,2.999999999864177,1.6416446745414488,1.6416419955635004,3.598095,4.048515,2.993397,1.0551180000000002,-1.0
1.2,7503,UBVRIplus_Gaia_EDR3_Vega,0.0,0.0,0.4,152,6.4771212547,2.999999999864177,2.0956871612874073,2.095683545166772,2.583724,2.939057,2.055573,0.8834840000000002,-1.0
1.2,7503,UBVRIplus_Gaia_EDR3_Vega,0.0,0.0,0.4,153,6.4771212547,2.999999999864177,2.169180136447354,2.1691763117079805,2.314917,2.649751,1.799482,0.8502690000000002,-1.0
1.2,7503,UBVRIplus_Gaia_EDR3_Vega,0.0,0.0,0.4,154,6.4771212547,2.999999999864177,2.2179985215063924,2.217994535935727,2.097375,2.417637,1.594969,0.822668,-1.0
1.2,7503,UBVRIplus_Gaia_EDR3_Vega,0.0,0.0,0.4,155,6.4771212547,2.999999999864177,2.2543940834995313,2.2543899592350707,1.919697,2.228485,1.429879,0.7986060000000001,-1.0
1.2,7503,UBVRIplus_Gaia_EDR3_Vega,0.0,0.0,0.4,156,6.4771212547,2.999999999864177,2.289869995642551,2.2898657157317923,1.745364,2.042336,1.270376,0.7719600000000002,-1.0
1.2,7503,UBVRIplus_Gaia_EDR3_Vega,0.0,0.0,0.4,157,6.4771212547,2.999999999864177,2.3233778213014364,2.3233733803144343,1.579923,1.865227,1.121048,0.7441789999999999,-1.0
1.2,7503,UBVRIplus_Gaia_EDR3_Vega,0.0,0.0,0.4,158,6.4771212547,2.999999999864177,2.3566498970534293,2.356645272094113,1.418654,1.690859,0.978846,0.7120129999999999,-1.0
1.2,7503,UBVRIplus_Gaia_EDR3_Vega,0.0,0.0,0.4,159,6.4771212547,2.999999999864177,2.388428224656607,2.38842340538946,1.26448,1.522268,0.845842,0.676426,-1.0
1.2,7503,UBVRIplus_Gaia_EDR3_Vega,0.0,0.0,0.4,160,6.4771212547,2.999999999864177,2.4130832675191582,2.4130782796477708,1.143433,1.387204,0.744452,0.6427520000000001,-1.0
1.2,7503,UBVRIplus_Gaia_EDR3_Vega,0.0,0.0,0.4,161,6.4771212547,2.999999999864177,2.436626217125742,2.4366210567589057,1.027578,1.254785,0.649463,0.605322,-1.0
1.2,7503,UBVRIplus_Gaia_EDR3_Vega,0.0,0.0,0.4,162,6.4771212547,2.999999999864177,2.454521902927975,2.454516600332684,0.938804,1.149314,0.57982,0.569494,-1.0
1.2,7503,UBVRIplus_Gaia_EDR3_Vega,0.0,0.0,0.4,163,6.4771212547,2.999999999864177,2.4720049343992665,2.4719994848356563,0.852071,1.042605,0.515621,0.526984,-1.0
1.2,7503,UBVRIplus_Gaia_EDR3_Vega,0.0,0.0,0.4,164,6.4771212547,2.999999999864177,2.487828558306269,2.4878229694864977,0.774179,0.944366,0.461683,0.48268300000000003,-1.0
1.2,7503,UBVRIplus_Gaia_EDR3_Vega,0.0,0.0,0.4,165,6.4771212547,2.999999999864177,2.5020756498996057,2.502069930056857,0.704732,0.856258,0.416692,0.43956599999999996,-1.0
1.2,7503,UBVRIplus_Gaia_EDR3_Vega,0.0,0.0,0.4,166,6.4771212547,2.999999999864177,2.5155669880723703,2.5155611403593614,0.640165,0.775545,0.377407,0.39813800000000005,-1.0
1.2,7503,UBVRIplus_Gaia_EDR3_Vega,0.0,0.0,0.4,167,6.4771212547,2.999999999864177,2.5279753572790598,2.5279693886611483,0.582359,0.70542,0.344621,0.36079900000000004,-1.0
1.2,7503,UBVRIplus_Gaia_EDR3_Vega,0.0,0.0,0.4,168,6.4771212547,2.999999999864177,2.5411324234212804,2.5411263223134677,0.522273,0.635863,0.313473,0.32238999999999995,-1.0
1.2,7503,UBVRIplus_Gaia_EDR3_Vega,0.0,0.0,0.4,169,6.4771212547,2.999999999864177,2.554289542130091,2.5542833040390795,0.465006,0.569938,0.286545,0.28339299999999995,-1.0
1.2,7503,UBVRIplus_Gaia_EDR3_Vega,0.0,0.0,0.4,170,6.4771212547,2.999999999864177,2.566195342369502,2.566188977115548,0.417783,0.512614,0.266184,0.24643000000000004,-1.0
1.2,7503,UBVRIplus_Gaia_EDR3_Vega,0.0,0.0,0.4,171,6.4771212547,2.999999999864177,2.5771405966824936,2.5771341115745363,0.378516,0.46244,0.250853,0.21158700000000003,-1.0
1.2,7503,UBVRIplus_Gaia_EDR3_Vega,0.0,0.0,0.4,172,6.4771212547,2.999999999864177,2.588588111790437,2.5885814978032906,0.341076,0.411942,0.237833,0.17410899999999999,-1.0
1.2,7503,UBVRIplus_Gaia_EDR3_Vega,0.0,0.0,0.4,173,6.4771212547,2.999999999864177,2.6009358697899048,2.600929112703035,0.304471,0.359332,0.226774,0.13255799999999998,-1.0
1.2,7503,UBVRIplus_Gaia_EDR3_Vega,0.0,0.0,0.4,174,6.4771212547,2.999999999864177,2.6126253361615013,2.6126184414168057,0.274815,0.313251,0.219415,0.093836,-1.0
1.2,7503,UBVRIplus_Gaia_EDR3_Vega,0.0,0.0,0.4,175,6.4771212547,2.999999999864177,2.6240906899498686,2.6240836579269136,0.250312,0.271397,0.214761,0.05663599999999999,-1.0
1.2,7503,UBVRIplus_Gaia_EDR3_Vega,0.0,0.0,0.4,176,6.4771212547,2.999999999864177,2.6354629428766256,2.6354557714920888,0.2309,0.234804,0.212837,0.021967000000000014,-1.0
1.2,7503,UBVRIplus_Gaia_EDR3_Vega,0.0,0.0,0.4,177,6.4771212547,2.999999999864177,2.6464085000783184,2.6464011921372315,0.218722,0.210827,0.214961,-0.0041340000000000265,-1.0
1.2,7503,UBVRIplus_Gaia_EDR3_Vega,0.0,0.0,0.4,178,6.4771212547,2.999999999864177,2.657116879522116,2.657109436528671,0.212964,0.197619,0.221016,-0.023397,-1.0
1.2,7503,UBVRIplus_Gaia_EDR3_Vega,0.0,0.0,0.4,179,6.4771212547,2.999999999864177,2.6689242463956413,2.668916652627739,0.2129,0.192775,0.232093,-0.03931799999999999,-1.0
1.2,7503,UBVRIplus_Gaia_EDR3_Vega,0.0,0.0,0.4,180,6.4771212547,2.999999999864177,2.681941823820196,2.6819340621822425,0.219446,0.196699,0.24924,-0.05254099999999998,-1.0
1.2,7503,UBVRIplus_Gaia_EDR3_Vega,0.0,0.0,0.4,181,6.4771212547,2.999999999864177,2.6952511816123073,2.695243248642038,0.233355,0.209126,0.272478,-0.06335199999999999,-1.0
1.2,7503,UBVRIplus_Gaia_EDR3_Vega,0.0,0.0,0.4,182,6.4771212547,2.999999999864177,2.7101683564591026,2.7101602322393674,0.257784,0.231601,0.305936,-0.07433499999999998,-1.0
1.2,7503,UBVRIplus_Gaia_EDR3_Vega,0.0,0.0,0.4,183,6.4771212547,2.999999999864177,2.730687364069996,2.7306789800987294,0.313542,0.283614,0.370682,-0.08706800000000003,-1.0
1.2,7503,UBVRIplus_Gaia_EDR3_Vega,0.0,0.0,0.4,184,6.4771212547,2.999999999864177,2.751715450580294,2.751706818126441,0.397068,0.365446,0.457586,-0.09214,-1.0
1.2,7503,UBVRIplus_Gaia_EDR3_Vega,0.0,0.0,0.4,185,6.4771212547,2.999999999864177,2.759859590772722,2.7598508666361603,0.434978,0.40538,0.491801,-0.08642099999999997,-1.0
1.2,7503,UBVRIplus_Gaia_EDR3_Vega,0.0,0.0,0.4,186,6.4771212547,2.999999999864177,2.7606648936222267,2.7606561591981107,0.441611,0.415353,0.491066,-0.07571299999999997,-1.0
1.2,7503,UBVRIplus_Gaia_EDR3_Vega,0.0,0.0,0.4,187,6.4771212547,2.999999999864177,2.7653581333573936,2.7653493413837253,0.448402,0.422979,0.495235,-0.07225599999999999,-1.0
1.2,7503,UBVRIplus_Gaia_EDR3_Vega,0.0,0.0,0.4,188,6.4771212547,2.999999999864177,2.782593076895978,2.782584080549075,0.505356,0.480071,0.552125,-0.07205399999999995,-1.0
1.2,7503,UBVRIplus_Gaia_EDR3_Vega,0.0,0.0,0.4,189,6.4771212547,2.999999999864177,2.798967823246014,2.798958639517193,0.559399,0.534655,0.604577,-0.06992200000000004,-1.0
1.2,7503,UBVRIplus_Gaia_EDR3_Vega,0.0,0.0,0.4,190,6.4771212547,2.999999999864177,2.821073736845066,2.821064314212902,0.608041,0.583737,0.651874,-0.068137,-1.0
1.2,7503,UBVRIplus_Gaia_EDR3_Vega,0.0,0.0,0.4,191,6.4771212547,2.999999999864177,2.866847278974202,2.8668373777190457,0.605374,0.579589,0.654451,-0.07486199999999998,-1.0
1.2,7503,UBVRIplus_Gaia_EDR3_Vega,0.0,0.0,0.4,192,6.4771212547,2.999999999864177,2.897578255797429,2.897568027195862,0.556617,0.526377,0.615043,-0.08866600000000002,-1.0
1.2,7503,UBVRIplus_Gaia_EDR3_Vega,0.0,0.0,0.4,193,6.4771212547,2.999999999864177,2.9182285489128406,2.918218088472152,0.514794,0.480329,0.580989,-0.10065999999999997,-1.0
1.2,7503,UBVRIplus_Gaia_EDR3_Vega,0.0,0.0,0.4,194,6.4771212547,2.999999999864177,2.935340711902904,2.9353300513683216,0.478986,0.440847,0.551806,-0.11095900000000003,-1.0
1.2,7503,UBVRIplus_Gaia_EDR3_Vega,0.0,0.0,0.4,195,6.4771212547,2.999999999864177,2.9511391610040443,2.9511283071694425,0.448039,0.406559,0.526789,-0.12022999999999995,-1.0
1.2,7503,UBVRIplus_Gaia_EDR3_Vega,0.0,0.0,0.4,196,6.4771212547,2.999999999864177,2.967561326939639,2.967550262269122,0.422397,0.377726,0.506742,-0.12901600000000002,-1.0
1.2,7503,UBVRIplus_Gaia_EDR3_Vega,0.0,0.0,0.4,197,6.4771212547,2.999999999864177,2.9872835839321583,2.9872722543976455,0.405384,0.357479,0.495378,-0.137899,-1.0
1.2,7503,UBVRIplus_Gaia_EDR3_Vega,0.0,0.0,0.4,101,7.0,10.0,0.1,0.09999989230135065,10.746016,12.606789,9.450439,3.1563499999999998,-1.0
1.2,7503,UBVRIplus_Gaia_EDR3_Vega,0.0,0.0,0.4,102,7.0,10.0,0.10205642908099644,0.10205631893532194,10.714489,12.564878,9.421207,3.1436709999999994,-1.0
1.2,7503,UBVRIplus_Gaia_EDR3_Vega,0.0,0.0,0.4,103,7.0,10.0,0.10605341176019736,0.10605329681841964,10.653378,12.484394,9.364444,3.1199499999999993,-1.0
1.2,7503,UBVRIplus_Gaia_EDR3_Vega,0.0,0.0,0.4,104,7.0,10.0,0.11005018278564196,0.11005006297872238,10.593042,12.405683,9.308322,3.0973609999999994,-1.0
1.2,7503,UBVRIplus_Gaia_EDR3_Vega,0.0,0.0,0.4,105,7.0,10.0,0.11404487873296576,0.11404475399434491,10.533552,12.328806,9.252905,3.075901,-1.0
1.2,7503,UBVRIplus_Gaia_EDR3_Vega,0.0,0.0,0.4,106,7.0,10.0,0.11803754622099422,0.11803741648478099,10.4749,12.253708,9.198179,3.055529,-1.0
1.2,7503,UBVRIplus_Gaia_EDR3_Vega,0.0,0.0,0.4,107,7.0,10.0,0.12202803404536258,0.12202789924638158,10.417271,12.180273,9.144108,3.0361650000000004,-1.0
1.2,7503,UBVRIplus_Gaia_EDR3_Vega,0.0,0.0,0.4,108,7.0,10.0,0.12601812894798733,0.1260179890199155,10.360392,12.108412,9.090641,3.0177709999999998,-1.0
1.2,7503,UBVRIplus_Gaia_EDR3_Vega,0.0,0.0,0.4,109,7.0,10.0,0.13000847654351752,0.13000833141962564,10.304159,12.037939,9.037692,3.000247,-1.0
1.2,7503,UBVRIplus_Gaia_EDR3_Vega,0.0,0.0,0.4,110,7.0,10.0,0.1339962612238707,0.13399611084062962,10.248636,11.9689,8.985324,2.9835759999999993,-1.0
1.2,7503,UBVRIplus_Gaia_EDR3_Vega,0.0,0.0,0.4,111,7.0,10.0,0.13798566591196984,0.1379855102020502,10.19369,11.901108,8.933415,2.9676930000000006,-1.0
1.2,7503,UBVRIplus_Gaia_EDR3_Vega,0.0,0.0,0.4,112,7.0,10.0,0.1419747446304774,0.1419745835285018,10.139292,11.834475,8.881948,2.952527,-1.0
1.2,7503,UBVRIplus_Gaia_EDR3_Vega,0.0,0.0,0.4,113,7.0,10.0,0.14596446339079736,0.1459642968305149,10.08537,11.768877,8.830859,2.9380179999999996,-1.0
1.2,7503,UBVRIplus_Gaia_EDR3_Vega,0.0,0.0,0.4,114,7.0,10.0,0.14995637043395377,0.14995619834759233,10.031857,11.705013,8.780088,2.924925,-1.0
1.2,7503,UBVRIplus_Gaia_EDR3_Vega,0.0,0.0,0.4,115,7.0,10.0,0.15828614164321453,0.15828595835260761,9.944971,11.599515,8.698584,2.900931,-1.0
1.2,7503,UBVRIplus_Gaia_EDR3_Vega,0.0,0.0,0.4,116,7.0,10.0,0.16676270743895927,0.16676251260216435,9.856853,11.492871,8.616144,2.876726999999999,-1.0
1.2,7503,UBVRIplus_Gaia_EDR3_Vega,0.0,0.0,0.4,117,7.0,10.0,0.17532872156475168,0.17532851491058019,9.767981,11.385555,8.533087,2.852468,-1.0
1.2,7503,UBVRIplus_Gaia_EDR3_Vega,0.0,0.0,0.4,118,7.0,10.0,0.18399372283312548,0.18399350407760146,9.67783,11.277238,8.449264,2.827974000000001,-1.0
1.2,7503,UBVRIplus_Gaia_EDR3_Vega,0.0,0.0,0.4,119,7.0,10.0,0.19275274771057666,0.19275251657418557,9.586727,11.166646,8.364745,2.801901000000001,-1.0
1.2,7503,UBVRIplus_Gaia_EDR3_Vega,0.0,0.0,0.4,120,7.0,10.0,0.20119429793260568,0.20119405479381888,9.501568,11.063198,8.285818,2.777379999999999,-1.0
1.2,7503,UBVRIplus_Gaia_EDR3_Vega,0.0,0.0,0.4,121,7.0,10.0,0.20781560210054062,0.20781534975288596,9.447104,10.99741,8.235237,2.7621730000000007,-1.0
1.2,7503,UBVRIplus_Gaia_EDR3_Vega,0.0,0.0,0.4,122,7.0,10.0,0.21445672661724616,0.214456464911294,9.392208,10.931002,8.184145,2.7468570000000003,-1.0
1.2,7503,UBVRIplus_Gaia_EDR3_Vega,0.0,0.0,0.4,123,7.0,10.0,0.221114210931123,0.2211139397207924,9.3369,10.86394,8.132721,2.7312189999999994,-1.0
1.2,7503,UBVRIplus_Gaia_EDR3_Vega,0.0,0.0,0.4,124,7.0,10.0,0.22778957943786218,0.22778929857471691,9.281096,10.796073,8.080914,2.715159,-1.0
1.2,7503,UBVRIplus_Gaia_EDR3_Vega,0.0,0.0,0.4,125,7.0,10.0,0.23448361422723665,0.23448332356092982,9.224681,10.727179,8.028638,2.6985409999999987,-1.0
1.2,7503,UBVRIplus_Gaia_EDR3_Vega,0.0,0.0,0.4,126,7.0,10.0,0.24119662754465643,0.24119632692394813,9.167587,10.657112,7.975845,2.681267,-1.0
1.2,7503,UBVRIplus_Gaia_EDR3_Vega,0.0,0.0,0.4,127,7.0,10.0,0.24793055705416772,0.24793024632455388,9.109702,10.585656,7.92245,2.6632059999999997,-1.0
1.2,7503,UBVRIplus_Gaia_EDR3_Vega,0.0,0.0,0.4,128,7.0,10.0,0.2579739922572368,0.2579736666514909,9.034624,10.49181,7.853584,2.6382259999999995,-1.0
1.2,7503,UBVRIplus_Gaia_EDR3_Vega,0.0,0.0,0.4,129,7.0,10.0,0.26953554904451116,0.26953520623140026,8.951823,10.388111,7.777802,2.610309,-1.0
1.2,7503,UBVRIplus_Gaia_EDR3_Vega,0.0,0.0,0.4,130,7.0,10.0,0.2811673700859293,0.2811670097484435,8.868572,10.283934,7.701694,2.5822400000000005,-1.0
1.2,7503,UBVRIplus_Gaia_EDR3_Vega,0.0,0.0,0.4,131,7.0,10.0,0.2928713947362198,0.2928710165525288,8.784843,10.179255,7.625232,2.554023,-1.0
1.2,7503,UBVRIplus_Gaia_EDR3_Vega,0.0,0.0,0.4,132,7.0,10.0,0.3028298117592385,0.30282941819774256,8.713493,10.08893,7.560565,2.528364999999999,-1.0
1.2,7503,UBVRIplus_Gaia_EDR3_Vega,0.0,0.0,0.4,133,7.0,10.0,0.3099730215049302,0.3099726167329183,8.662313,10.022095,7.514973,2.507122,-1.0
1.2,7503,UBVRIplus_Gaia_EDR3_Vega,0.0,0.0,0.4,134,7.0,10.0,0.3113108176586835,0.3113104109055379,8.651725,10.008131,7.505597,2.5025340000000007,-1.0
1.2,7503,UBVRIplus_Gaia_EDR3_Vega,0.0,0.0,0.4,135,7.0,10.0,0.31261060813451774,0.3126101994348416,8.64166,9.994913,7.496667,2.498246,-1.0
1.2,7503,UBVRIplus_Gaia_EDR3_Vega,0.0,0.0,0.4,136,7.0,10.0,0.3138939042471719,0.3138934936008486,8.631973,9.982246,7.488056,2.4941899999999997,-1.0
1.2,7503,UBVRIplus_Gaia_EDR3_Vega,0.0,0.0,0.4,137,7.0,10.0,0.3151605492564057,0.3151601366640384,8.622729,9.970227,7.479816,2.490411,-1.0
1.2,7503,UBVRIplus_Gaia_EDR3_Vega,0.0,0.0,0.4,138,7.0,10.0,0.31641274039878364,0.31641232586288265,8.613789,9.958679,7.47182,2.486859,-1.0
1.2,7503,UBVRIplus_Gaia_EDR3_Vega,0.0,0.0,0.4,139,7.0,10.0,0.317648719609794,0.3176483031318722,8.605253,9.947723,7.464164,2.4835589999999996,-1.0
1.2,7503,UBVRIplus_Gaia_EDR3_Vega,0.0,0.0,0.4,140,7.0,10.0,0.3188703597540444,0.31886994133767904,8.597059,9.937296,7.456782,2.4805140000000003,-1.0
1.2,7503,UBVRIplus_Gaia_EDR3_Vega,0.0,0.0,0.4,141,7.0,10.0,0.3203654854955099,0.3203650646891367,8.587389,9.924955,7.448086,2.4768690000000007,-1.0
1.2,7503,UBVRIplus_Gaia_EDR3_Vega,0.0,0.0,0.4,142,7.0,10.0,0.3260618889579374,0.3260614590779521,8.550672,9.876538,7.415658,2.4608800000000004,-1.0
1.2,7503,UBVRIplus_Gaia_EDR3_Vega,0.0,0.0,0.4,143,7.0,10.0,0.3355039479407983,0.335503503036227,8.489457,9.79635,7.361479,2.4348710000000002,-1.0
1.2,7503,UBVRIplus_Gaia_EDR3_Vega,0.0,0.0,0.4,144,7.0,10.0,0.3531085538974311,0.3531080810023587,8.377848,9.650825,7.262691,2.388133999999999,-1.0
1.2,7503,UBVRIplus_Gaia_EDR3_Vega,0.0,0.0,0.4,145,7.0,10.0,0.3709593792872138,0.3709588778011823,8.271016,9.512113,7.168213,2.3438999999999997,-1.0
1.2,7503,UBVRIplus_Gaia_EDR3_Vega,0.0,0.0,0.4,146,7.0,10.0,0.3866468333545261,0.38664630641382436,8.182568,9.397573,7.090101,2.3074719999999997,-1.0
1.2,7503,UBVRIplus_Gaia_EDR3_Vega,0.0,0.0,0.4,147,7.0,10.0,0.41032676681041425,0.4103262012990764,8.059916,9.239851,6.981686,2.258165,-1.0
1.2,7503,UBVRIplus_Gaia_EDR3_Vega,0.0,0.0,0.4,148,7.0,10.0,0.4381851498977684,0.43818453860297174,7.923414,9.065513,6.86101,2.204502999999999,-1.0
1.2,7503,UBVRIplus_Gaia_EDR3_Vega,0.0,0.0,0.4,149,7.0,10.0,0.46425079243623,0.464250137839489,7.80428,8.914322,6.755701,2.158621,-1.0
1.2,7503,UBVRIplus_Gaia_EDR3_Vega,0.0,0.0,0.4,150,7.0,10.0,0.48892121492189994,0.48892051890641863,7.698112,8.78048,6.661808,2.118672000000001,-1.0
1.2,7503,UBVRIplus_Gaia_EDR3_Vega,0.0,0.0,0.4,151,7.0,10.0,0.5172799013345606,0.517279157162793,7.583459,8.636454,6.560563,2.0758910000000004,-1.0
1.2,7503,UBVRIplus_Gaia_EDR3_Vega,0.0,0.0,0.4,152,7.0,10.0,0.5487868568977602,0.5487860586945672,7.4611,8.483701,6.45259,2.031111,-1.0
1.2,7503,UBVRIplus_Gaia_EDR3_Vega,0.0,0.0,0.4,153,7.0,10.0,0.5806418003270584,0.5806409474143869,7.352136,8.35042,6.355686,1.9947339999999993,-1.0
1.2,7503,UBVRIplus_Gaia_EDR3_Vega,0.0,0.0,0.4,154,7.0,10.0,0.6085030325719213,0.6085021313163944,7.257694,8.234767,6.272171,1.9625959999999996,-1.0
1.2,7503,UBVRIplus_Gaia_EDR3_Vega,0.0,0.0,0.4,155,7.0,10.0,0.6298766162756628,0.6298756774192887,7.186835,8.14692,6.21033,1.9365899999999998,-1.0
1.2,7503,UBVRIplus_Gaia_EDR3_Vega,0.0,0.0,0.4,156,7.0,10.0,0.6511472451437128,0.6511462685324432,7.11739,8.061645,6.1495,1.9121450000000006,-1.0
1.2,7503,UBVRIplus_Gaia_EDR3_Vega,0.0,0.0,0.4,157,7.0,10.0,0.6724010087907066,0.6723999941167006,7.047813,7.976819,6.088409,1.8884099999999995,-1.0
1.2,7503,UBVRIplus_Gaia_EDR3_Vega,0.0,0.0,0.4,158,7.0,10.0,0.6936593203609691,0.6936582672653105,6.977403,7.891469,6.026487,1.8649819999999995,-1.0
1.2,7503,UBVRIplus_Gaia_EDR3_Vega,0.0,0.0,0.4,159,7.0,10.0,0.7216755097714214,0.721674405361194,6.877858,7.76669,5.941655,1.8250349999999997,-1.0
1.2,7503,UBVRIplus_Gaia_EDR3_Vega,0.0,0.0,0.4,160,7.0,10.0,0.752536563365996,0.7525354017172315,6.766434,7.626753,5.847388,1.7793650000000003,-1.0
1.2,7503,UBVRIplus_Gaia_EDR3_Vega,0.0,0.0,0.4,161,7.0,10.0,0.7835762163734901,0.7835749964294523,6.65167,7.483593,5.750218,1.7333749999999997,-1.0
1.2,7503,UBVRIplus_Gaia_EDR3_Vega,0.0,0.0,0.4,162,7.0,10.0,0.8147446743977282,0.8147433951415537,6.534018,7.337836,5.650396,1.6874400000000005,-1.0
1.2,7503,UBVRIplus_Gaia_EDR3_Vega,0.0,0.0,0.4,163,7.0,10.0,0.846062449290757,0.8460611096144031,6.412912,7.188765,5.547347,1.6414179999999998,-1.0
1.2,7503,UBVRIplus_Gaia_EDR3_Vega,0.0,0.0,0.4,164,7.0,10.0,0.8775558155157752,0.8775544141976962,6.287508,7.035304,5.440244,1.5950600000000001,-1.0
1.2,7503,UBVRIplus_Gaia_EDR3_Vega,0.0,0.0,0.4,165,7.0,10.0,0.9094087721395671,0.9094073074107709,6.155139,6.873184,5.327292,1.5458920000000003,-1.0
1.2,7503,UBVRIplus_Gaia_EDR3_Vega,0.0,0.0,0.4,166,7.0,10.0,0.9416385154051624,0.9416369850554442,6.012518,6.697538,5.206011,1.4915269999999996,-1.0
1.2,7503,UBVRIplus_Gaia_EDR3_Vega,0.0,0.0,0.4,167,7.0,10.0,0.9736353414578179,0.9736337445555971,5.863365,6.516223,5.07768,1.4385430000000001,-1.0
1.2,7503,UBVRIplus_Gaia_EDR3_Vega,0.0,0.0,0.4,168,7.0,10.0,1.0171899672765534,1.017188277229085,5.652453,6.262992,4.895051,1.367941,-1.0
1.2,7503,UBVRIplus_Gaia_EDR3_Vega,0.0,0.0,0.4,169,7.0,10.0,1.0403711828205244,1.0403694421788652,5.538044,6.126898,4.795811,1.3310870000000001,-1.0
1.2,7503,UBVRIplus_Gaia_EDR3_Vega,0.0,0.0,0.4,170,7.0,10.0,1.0686961672097153,1.0686943634816892,5.398057,5.962338,4.675319,1.287019,-1.0
1.2,7503,UBVRIplus_Gaia_EDR3_Vega,0.0,0.0,0.4,171,7.0,10.0,1.1001205118451793,1.1001186365852456,5.241004,5.778167,4.541404,1.2367629999999998,-1.0
1.2,7503,UBVRIplus_Gaia_EDR3_Vega,0.0,0.0,0.4,172,7.0,10.0,1.131805475178859,1.131803525723684,5.08329,5.594223,4.4097,1.1845230000000004,-1.0
1.2,7503,UBVRIplus_Gaia_EDR3_Vega,0.0,0.0,0.4,173,7.0,10.0,1.1618898362612582,1.1618878145336735,4.932003,5.418975,4.285449,1.1335259999999998,-1.0
1.2,7503,UBVRIplus_Gaia_EDR3_Vega,0.0,0.0,0.4,174,7.0,10.0,1.204785275362608,1.2047831460824447,4.713608,5.170513,4.102256,1.068257,-1.0
1.2,7503,UBVRIplus_Gaia_EDR3_Vega,0.0,0.0,0.4,175,7.0,10.0,1.2315755162018962,1.23157331700916,4.574419,5.014861,3.982613,1.0322479999999996,-1.0
1.2,7503,UBVRIplus_Gaia_EDR3_Vega,0.0,0.0,0.4,176,7.0,10.0,1.2591716293687856,1.2591693554331536,4.428087,4.85213,3.854161,0.9979689999999999,-1.0
1.2,7503,UBVRIplus_Gaia_EDR3_Vega,0.0,0.0,0.4,177,7.0,10.0,1.2904787007402578,1.2904763374675539,4.256822,4.662169,3.700294,0.9618749999999996,-1.0
1.2,7503,UBVRIplus_Gaia_EDR3_Vega,0.0,0.0,0.4,178,7.0,10.0,1.31791685188732,1.3179144058264456,4.100302,4.488317,3.556355,0.9319620000000004,-1.0
1.2,7503,UBVRIplus_Gaia_EDR3_Vega,0.0,0.0,0.4,179,7.0,10.0,1.346382087098317,1.3463795494942745,3.929448,4.2977,3.395809,0.901891,-1.0
1.2,7503,UBVRIplus_Gaia_EDR3_Vega,0.0,0.0,0.4,180,7.0,10.0,1.3677899222456515,1.367787310508262,3.792721,4.144539,3.265384,0.8791549999999999,-1.0
1.2,7503,UBVRIplus_Gaia_EDR3_Vega,0.0,0.0,0.4,181,7.0,10.0,1.3900178455999694,1.3900151511315184,3.640398,3.97581,3.122061,0.8537490000000001,-1.0
1.2,7503,UBVRIplus_Gaia_EDR3_Vega,0.0,0.0,0.4,182,7.0,10.0,1.4110252977739113,1.4110225178922429,3.485021,3.805882,2.978251,0.8276309999999998,-1.0
1.2,7503,UBVRIplus_Gaia_EDR3_Vega,0.0,0.0,0.4,183,7.0,10.0,1.4289885270608935,1.4289856671629444,3.343506,3.652385,2.848977,0.8034080000000001,-1.0
1.2,7503,UBVRIplus_Gaia_EDR3_Vega,0.0,0.0,0.4,184,7.0,10.0,1.4446800125895063,1.4446770761265095,3.21522,3.513794,2.733145,0.7806489999999999,-1.0
1.2,7503,UBVRIplus_Gaia_EDR3_Vega,0.0,0.0,0.4,185,7.0,10.0,1.460695942057585,1.4606929199988994,3.083362,3.37156,2.615413,0.7561469999999999,-1.0
1.2,7503,UBVRIplus_Gaia_EDR3_Vega,0.0,0.0,0.4,186,7.0,10.0,1.4806491468429046,1.4806460060472786,2.921217,3.196312,2.472761,0.7235509999999996,-1.0
1.2,7503,UBVRIplus_Gaia_EDR3_Vega,0.0,0.0,0.4,187,7.0,10.0,1.4962004909112006,1.4961972473739213,2.797983,3.062364,2.366112,0.6962519999999999,-1.0
1.2,7503,UBVRIplus_Gaia_EDR3_Vega,0.0,0.0,0.4,188,7.0,10.0,1.6267136356359218,1.6267091787759538,2.170898,2.301522,1.926747,0.37477499999999986,-1.0
1.2,7503,UBVRIplus_Gaia_EDR3_Vega,0.0,0.0,0.4,189,7.0,10.0,1.642935910641723,1.6429312948134736,2.235166,2.362973,1.998105,0.3648680000000002,-1.0
1.2,7503,UBVRIplus_Gaia_EDR3_Vega,0.0,0.0,0.4,190,7.0,10.0,1.6440179527626375,1.6440133257729905,2.275366,2.412792,2.018606,0.3941859999999999,-1.0
1.2,7503,UBVRIplus_Gaia_EDR3_Vega,0.0,0.0,0.4,191,7.0,10.0,1.6521476713135534,1.6521429595880277,2.302628,2.442381,2.041862,0.40051900000000007,-1.0
1.2,7503,UBVRIplus_Gaia_EDR3_Vega,0.0,0.0,0.4,192,7.0,10.0,1.6652953103750745,1.665290465939983,2.361394,2.502976,2.098003,0.404973,-1.0
1.2,7503,UBVRIplus_Gaia_EDR3_Vega,0.0,0.0,0.4,193,7.0,10.0,1.679602230142587,1.6795972481613834,2.416915,2.561308,2.149242,0.4120659999999998,-1.0
1.2,7503,UBVRIplus_Gaia_EDR3_Vega,0.0,0.0,0.4,194,7.0,10.0,1.6971563805390213,1.697151235937869,2.45031,2.596428,2.180139,0.4162889999999999,-1.0
1.2,7503,UBVRIplus_Gaia_EDR3_Vega,0.0,0.0,0.4,195,7.0,10.0,1.74483878990626,1.7448331944887507,2.336209,2.469244,2.089381,0.3798630000000003,-1.0
1.2,7503,UBVRIplus_Gaia_EDR3_Vega,0.0,0.0,0.4,196,7.0,10.0,1.770841786639155,1.7708359296528724,2.216125,2.336531,1.998414,0.338117,-1.0
1.2,7503,UBVRIplus_Gaia_EDR3_Vega,0.0,0.0,0.4,197,7.0,10.0,1.7915280254788915,1.7915219452975732,2.112617,2.221399,1.924905,0.2964939999999998,-1.0
1.2,7503,UBVRIplus_Gaia_EDR3_Vega,0.0,0.0,0.4,198,7.0,10.0,1.8087875788855343,1.8087812988458751,2.024683,2.121552,1.866083,0.25546899999999995,-1.0
1.2,7503,UBVRIplus_Gaia_EDR3_Vega,0.0,0.0,0.4,199,7.0,10.0,1.8264909061180057,1.8264844096253956,1.94186,2.024678,1.814101,0.21057700000000024,-1.0
1.2,7503,UBVRIplus_Gaia_EDR3_Vega,0.0,0.0,0.4,200,7.0,10.0,1.8471408555971531,1.8471340960071865,1.87189,1.938058,1.775092,0.16296600000000017,-1.0
1.2,7503,UBVRIplus_Gaia_EDR3_Vega,0.0,0.0,0.4,201,7.0,10.0,1.8768675980084264,1.876860441907283,1.829901,1.87655,1.761913,0.11463699999999988,-1.0
1.2,7503,UBVRIplus_Gaia_EDR3_Vega,0.0,0.0,0.4,202,7.0,10.0,1.9157990262534272,1.915791342281059,1.828106,1.859668,1.777344,0.08232400000000006,0.0
1.2,7503,UBVRIplus_Gaia_EDR3_Vega,0.0,0.0,0.4,203,7.0,10.0,1.9440716256182005,1.9440635642974144,1.819762,1.844058,1.775936,0.06812200000000002,0.0
1.2,7503,UBVRIplus_Gaia_EDR3_Vega,0.0,0.0,0.4,204,7.0,10.0,1.9651902931224892,1.9651819504207735,1.801146,1.819638,1.762573,0.05706500000000014,0.0
1.2,7503,UBVRIplus_Gaia_EDR3_Vega,0.0,0.0,0.4,205,7.0,10.0,1.9879420488154922,1.9879334002443108,1.771606,1.783654,1.73929,0.04436400000000007,0.0
1.2,7503,UBVRIplus_Gaia_EDR3_Vega,0.0,0.0,0.4,206,7.0,10.0,2.0124501909581416,2.0124412074737204,1.735817,1.741416,1.710365,0.031051000000000162,0.0
1.2,7503,UBVRIplus_Gaia_EDR3_Vega,0.0,0.0,0.4,207,7.0,10.0,2.0446822780213165,2.0446728407219195,1.687943,1.686352,1.671174,0.015178000000000136,0.0
1.2,7503,UBVRIplus_Gaia_EDR3_Vega,0.0,0.0,0.4,208,7.0,10.0,2.0699255881469893,2.0699157885893085,1.651414,1.6454,1.640835,0.00456499999999993,0.0
1.2,7503,UBVRIplus_Gaia_EDR3_Vega,0.0,0.0,0.4,209,7.0,10.0,2.095619055995834,2.095608873069864,1.615767,1.606037,1.611198,-0.005160999999999971,0.0
1.2,7503,UBVRIplus_Gaia_EDR3_Vega,0.0,0.0,0.4,210,7.0,10.0,2.1279260631303862,2.1279153887404862,1.572453,1.559221,1.574698,-0.015476999999999963,0.0
1.2,7503,UBVRIplus_Gaia_EDR3_Vega,0.0,0.0,0.4,211,7.0,10.0,2.1563993651644626,2.1563882440924154,1.535538,1.520016,1.543299,-0.023282999999999943,0.0
1.2,7503,UBVRIplus_Gaia_EDR3_Vega,0.0,0.0,0.4,212,7.0,10.0,2.1788670385837277,2.178855556069634,1.507052,1.490126,1.518925,-0.02879900000000002,0.0
1.2,7503,UBVRIplus_Gaia_EDR3_Vega,0.0,0.0,0.4,213,7.0,10.0,2.1978238818673854,2.197812089677501,1.48343,1.465566,1.498547,-0.03298100000000015,0.0
1.2,7503,UBVRIplus_Gaia_EDR3_Vega,0.0,0.0,0.4,214,7.0,10.0,2.23047166913243,2.2304593283536533,1.443692,1.424566,1.464167,-0.039601,0.0
1.2,7503,UBVRIplus_Gaia_EDR3_Vega,0.0,0.0,0.4,215,7.0,10.0,2.263159472423625,2.2631465657395555,1.404577,1.384527,1.430038,-0.04551099999999986,0.0
1.2,7503,UBVRIplus_Gaia_EDR3_Vega,0.0,0.0,0.4,216,7.0,10.0,2.2865397187736862,2.2865263964407627,1.377178,1.356581,1.40606,-0.04947900000000005,0.0
1.2,7503,UBVRIplus_Gaia_EDR3_Vega,0.0,0.0,0.4,217,7.0,10.0,2.321226501491253,2.321212548250702,1.336941,1.315614,1.370571,-0.05495699999999992,0.0
1.2,7503,UBVRIplus_Gaia_EDR3_Vega,0.0,0.0,0.4,218,7.0,10.0,2.3405319645155243,2.34051764869237,1.314999,1.293241,1.351253,-0.05801199999999995,0.0
1.2,7503,UBVRIplus_Gaia_EDR3_Vega,0.0,0.0,0.4,219,7.0,10.0,2.3745919856935167,2.3745770191085125,1.276457,1.253864,1.317041,-0.06317699999999982,0.0
1.2,7503,UBVRIplus_Gaia_EDR3_Vega,0.0,0.0,0.4,220,7.0,10.0,2.4003492098190096,2.4003337374697256,1.247662,1.224287,1.291461,-0.06717400000000007,0.0
1.2,7503,UBVRIplus_Gaia_EDR3_Vega,0.0,0.0,0.4,221,7.0,10.0,2.439966903859462,2.439950629974004,1.203841,1.17892,1.252451,-0.07353100000000001,0.0
1.2,7503,UBVRIplus_Gaia_EDR3_Vega,0.0,0.0,0.4,222,7.0,10.0,2.4695405265847024,2.4695236390665984,1.171416,1.145009,1.223519,-0.07851000000000008,0.0
1.2,7503,UBVRIplus_Gaia_EDR3_Vega,0.0,0.0,0.4,223,7.0,10.0,2.501269674803118,2.5012521085777983,1.136768,1.108473,1.192502,-0.08402899999999991,0.0
1.2,7503,UBVRIplus_Gaia_EDR3_Vega,0.0,0.0,0.4,224,7.0,10.0,2.519034779974053,2.5190168258722463,1.117616,1.088282,1.175284,-0.08700200000000002,0.0
1.2,7503,UBVRIplus_Gaia_EDR3_Vega,0.0,0.0,0.4,225,7.0,10.0,2.559771350240477,2.559752484879376,1.074456,1.042844,1.136323,-0.09347899999999987,0.0
1.2,7503,UBVRIplus_Gaia_EDR3_Vega,0.0,0.0,0.4,226,7.0,10.0,2.5890833213627404,2.5890637811835493,1.043936,1.010806,1.108578,-0.09777199999999997,0.0
1.2,7503,UBVRIplus_Gaia_EDR3_Vega,0.0,0.0,0.4,227,7.0,10.0,2.6237262128051593,2.623705852647267,1.008342,0.973531,1.076029,-0.10249799999999987,0.0
1.2,7503,UBVRIplus_Gaia_EDR3_Vega,0.0,0.0,0.4,228,7.0,10.0,2.6527282634428535,2.6527072005158767,0.979067,0.942918,1.049156,-0.10623799999999994,0.0
1.2,7503,UBVRIplus_Gaia_EDR3_Vega,0.0,0.0,0.4,229,7.0,10.0,2.6916163661063486,2.6915943378949194,0.9406,0.90273,1.013757,-0.11102699999999999,0.0
1.2,7503,UBVRIplus_Gaia_EDR3_Vega,0.0,0.0,0.4,230,7.0,10.0,2.7193234478381263,2.719300702802095,0.913173,0.874205,0.98827,-0.11406499999999997,0.0
1.2,7503,UBVRIplus_Gaia_EDR3_Vega,0.0,0.0,0.4,231,7.0,10.0,2.7439341993778594,2.7439108146785856,0.889542,0.849583,0.966384,-0.11680100000000004,0.0
1.2,7503,UBVRIplus_Gaia_EDR3_Vega,0.0,0.0,0.4,232,7.0,10.0,2.7768770843891764,2.776852821797654,0.858036,0.816831,0.937056,-0.12022500000000003,0.0
1.2,7503,UBVRIplus_Gaia_EDR3_Vega,0.0,0.0,0.4,233,7.0,10.0,2.8095558424861724,2.8095306891216327,0.82758,0.785199,0.908645,-0.12344600000000006,0.0
1.2,7503,UBVRIplus_Gaia_EDR3_Vega,0.0,0.0,0.4,234,7.0,10.0,2.845470395782907,2.8454442484737212,0.79511,0.751519,0.878266,-0.12674699999999994,0.0
1.2,7503,UBVRIplus_Gaia_EDR3_Vega,0.0,0.0,0.4,235,7.0,10.0,2.8832986122680953,2.8832713803950853,0.760952,0.71612,0.846247,-0.130127,0.0
1.2,7503,UBVRIplus_Gaia_EDR3_Vega,0.0,0.0,0.4,236,7.0,10.0,2.9204194445990597,2.920391109651738,0.727507,0.681482,0.814848,-0.13336599999999998,0.0
1.2,7503,UBVRIplus_Gaia_EDR3_Vega,0.0,0.0,0.4,237,7.0,10.0,2.956004727666955,2.955975297227899,0.695518,0.64837,0.784786,-0.13641599999999998,0.0
1.2,7503,UBVRIplus_Gaia_EDR3_Vega,0.0,0.0,0.4,238,7.0,10.0,2.9929289305081483,2.992898321708082,0.66236,0.614062,0.753596,-0.13953400000000005,0.0
1.2,7503,UBVRIplus_Gaia_EDR3_Vega,0.0,0.0,0.4,124,7.4771212547,29.999999998641773,0.10267089013486203,0.10267075489593004,11.450029,13.24746,10.171916,3.0755440000000007,-1.0
1.2,7503,UBVRIplus_Gaia_EDR3_Vega,0.0,0.0,0.4,125,7.4771212547,29.999999998641773,0.10477381398971414,0.10477367583121733,11.420112,13.209805,10.143819,3.0659859999999988,-1.0
1.2,7503,UBVRIplus_Gaia_EDR3_Vega,0.0,0.0,0.4,126,7.4771212547,29.999999998641773,0.10878644928787139,0.10878630553054072,11.363238,13.138649,10.090357,3.048292,-1.0
1.2,7503,UBVRIplus_Gaia_EDR3_Vega,0.0,0.0,0.4,127,7.4771212547,29.999999998641773,0.11280129454680746,0.11280114511999453,11.306682,13.068415,10.037136,3.0312789999999996,-1.0
1.2,7503,UBVRIplus_Gaia_EDR3_Vega,0.0,0.0,0.4,128,7.4771212547,29.999999998641773,0.1168217254285666,0.1168215702575934,11.250402,12.999056,9.984111,3.014944999999999,-1.0
1.2,7503,UBVRIplus_Gaia_EDR3_Vega,0.0,0.0,0.4,129,7.4771212547,29.999999998641773,0.12084431356611564,0.12084415257953914,11.194373,12.930468,9.931271,2.999196999999999,-1.0
1.2,7503,UBVRIplus_Gaia_EDR3_Vega,0.0,0.0,0.4,130,7.4771212547,29.999999998641773,0.124870934394954,0.12487076751863277,11.13849,12.862479,9.878522,2.983957,-1.0
1.2,7503,UBVRIplus_Gaia_EDR3_Vega,0.0,0.0,0.4,131,7.4771212547,29.999999998641773,0.12890307016652314,0.12890289732388027,11.082635,12.794901,9.825761,2.9691399999999994,-1.0
1.2,7503,UBVRIplus_Gaia_EDR3_Vega,0.0,0.0,0.4,132,7.4771212547,29.999999998641773,0.1329407475173931,0.13294056863102566,11.026753,12.727634,9.772943,2.9546910000000004,-1.0
1.2,7503,UBVRIplus_Gaia_EDR3_Vega,0.0,0.0,0.4,133,7.4771212547,29.999999998641773,0.13698354850550926,0.13698336349762025,10.970794,12.660582,9.720022,2.9405599999999996,-1.0
1.2,7503,UBVRIplus_Gaia_EDR3_Vega,0.0,0.0,0.4,134,7.4771212547,29.999999998641773,0.14103397614645258,0.14103378493514723,10.91458,12.593477,9.666849,2.926628000000001,-1.0
1.2,7503,UBVRIplus_Gaia_EDR3_Vega,0.0,0.0,0.4,135,7.4771212547,29.999999998641773,0.14520814875789773,0.14520795108924833,10.857218,12.525128,9.612609,2.9125189999999996,-1.0
1.2,7503,UBVRIplus_Gaia_EDR3_Vega,0.0,0.0,0.4,136,7.4771212547,29.999999998641773,0.15174628781184868,0.15174608010827176,10.781143,12.432406,9.541378,2.8910280000000004,-1.0
1.2,7503,UBVRIplus_Gaia_EDR3_Vega,0.0,0.0,0.4,137,7.4771212547,29.999999998641773,0.1583413921454601,0.15834117420939453,10.704885,12.33967,9.469766,2.869904,-1.0
1.2,7503,UBVRIplus_Gaia_EDR3_Vega,0.0,0.0,0.4,138,7.4771212547,29.999999998641773,0.16718805459428976,0.1671878229394251,10.611668,12.225277,9.38267,2.842607000000001,-1.0
1.2,7503,UBVRIplus_Gaia_EDR3_Vega,0.0,0.0,0.4,139,7.4771212547,29.999999998641773,0.17693719210684106,0.17693694522495645,10.512028,12.103191,9.289702,2.8134890000000006,-1.0
1.2,7503,UBVRIplus_Gaia_EDR3_Vega,0.0,0.0,0.4,140,7.4771212547,29.999999998641773,0.18680112203169055,0.18680085958480722,10.411879,11.980997,9.196276,2.784721000000001,-1.0
1.2,7503,UBVRIplus_Gaia_EDR3_Vega,0.0,0.0,0.4,141,7.4771212547,29.999999998641773,0.19546782886788167,0.1954675527017999,10.327288,11.877329,9.117625,2.7597039999999993,-1.0
1.2,7503,UBVRIplus_Gaia_EDR3_Vega,0.0,0.0,0.4,142,7.4771212547,29.999999998641773,0.20405127316934835,0.20405098327998414,10.243978,11.775126,9.040292,2.7348339999999993,-1.0
1.2,7503,UBVRIplus_Gaia_EDR3_Vega,0.0,0.0,0.4,143,7.4771212547,29.999999998641773,0.21152786321845293,0.21152756131597342,10.174072,11.688302,8.975854,2.712448,-1.0
1.2,7503,UBVRIplus_Gaia_EDR3_Vega,0.0,0.0,0.4,144,7.4771212547,29.999999998641773,0.21840250527868707,0.21840219223699547,10.111169,11.608994,8.918312,2.690681999999999,-1.0
1.2,7503,UBVRIplus_Gaia_EDR3_Vega,0.0,0.0,0.4,145,7.4771212547,29.999999998641773,0.2252882734780754,0.22528794914893036,10.04773,11.528564,8.860439,2.668125,-1.0
1.2,7503,UBVRIplus_Gaia_EDR3_Vega,0.0,0.0,0.4,146,7.4771212547,29.999999998641773,0.2321865576769202,0.232186221910609,9.983716,11.446947,8.802202,2.6447450000000003,-1.0
1.2,7503,UBVRIplus_Gaia_EDR3_Vega,0.0,0.0,0.4,147,7.4771212547,29.999999998641773,0.2390925351140283,0.23909218776778177,9.919181,11.364152,8.743653,2.6204990000000006,-1.0
1.2,7503,UBVRIplus_Gaia_EDR3_Vega,0.0,0.0,0.4,148,7.4771212547,29.999999998641773,0.24756946255174242,0.24756910098821291,9.846406,11.271034,8.677546,2.5934880000000007,-1.0
1.2,7503,UBVRIplus_Gaia_EDR3_Vega,0.0,0.0,0.4,149,7.4771212547,29.999999998641773,0.25699336702510955,0.2569929895589519,9.768521,11.171639,8.606831,2.564808000000001,-1.0
1.2,7503,UBVRIplus_Gaia_EDR3_Vega,0.0,0.0,0.4,150,7.4771212547,29.999999998641773,0.26766296841370907,0.2676625728450631,9.683879,11.064061,8.529991,2.53407,-1.0
1.2,7503,UBVRIplus_Gaia_EDR3_Vega,0.0,0.0,0.4,151,7.4771212547,29.999999998641773,0.2801705889928485,0.28017017211567524,9.589038,10.944228,8.443939,2.5002890000000004,-1.0
1.2,7503,UBVRIplus_Gaia_EDR3_Vega,0.0,0.0,0.4,152,7.4771212547,29.999999998641773,0.2910683010055206,0.29106786536793783,9.507247,10.840633,8.370047,2.470586000000001,-1.0
1.2,7503,UBVRIplus_Gaia_EDR3_Vega,0.0,0.0,0.4,153,7.4771212547,29.999999998641773,0.3006686332736214,0.30066818094033987,9.43565,10.749783,8.305553,2.444230000000001,-1.0
1.2,7503,UBVRIplus_Gaia_EDR3_Vega,0.0,0.0,0.4,154,7.4771212547,29.999999998641773,0.3066959117499215,0.3066954489075155,9.390964,10.693119,8.265346,2.427773,-1.0
1.2,7503,UBVRIplus_Gaia_EDR3_Vega,0.0,0.0,0.4,155,7.4771212547,29.999999998641773,0.31080171262832135,0.31080124255238545,9.362417,10.65661,8.239803,2.4168070000000004,-1.0
1.2,7503,UBVRIplus_Gaia_EDR3_Vega,0.0,0.0,0.4,156,7.4771212547,29.999999998641773,0.3122229513887117,0.3122224788919237,9.352982,10.644794,8.231269,2.413525,-1.0
1.2,7503,UBVRIplus_Gaia_EDR3_Vega,0.0,0.0,0.4,157,7.4771212547,29.999999998641773,0.3133639514337694,0.31336347700567574,9.345294,10.635211,8.224301,2.4109099999999994,-1.0
1.2,7503,UBVRIplus_Gaia_EDR3_Vega,0.0,0.0,0.4,158,7.4771212547,29.999999998641773,0.31449320971149863,0.31449273335601624,9.337693,10.62577,8.217401,2.4083689999999986,-1.0
1.2,7503,UBVRIplus_Gaia_EDR3_Vega,0.0,0.0,0.4,159,7.4771212547,29.999999998641773,0.3156115839493636,0.31561110566953543,9.329987,10.616179,8.210411,2.405768,-1.0
1.2,7503,UBVRIplus_Gaia_EDR3_Vega,0.0,0.0,0.4,160,7.4771212547,29.999999998641773,0.3167185386876245,0.31671805848530943,9.322174,10.606411,8.203344,2.403067,-1.0
1.2,7503,UBVRIplus_Gaia_EDR3_Vega,0.0,0.0,0.4,161,7.4771212547,29.999999998641773,0.31781514813533085,0.31781466601284425,9.314224,10.596424,8.196174,2.4002500000000015,-1.0
1.2,7503,UBVRIplus_Gaia_EDR3_Vega,0.0,0.0,0.4,162,7.4771212547,29.999999998641773,0.31934128237893233,0.3193407975532996,9.303636,10.582912,8.186704,2.3962079999999997,-1.0
1.2,7503,UBVRIplus_Gaia_EDR3_Vega,0.0,0.0,0.4,163,7.4771212547,29.999999998641773,0.3223158493804587,0.32231535923713817,9.284773,10.558551,8.169954,2.388596999999999,-1.0
1.2,7503,UBVRIplus_Gaia_EDR3_Vega,0.0,0.0,0.4,164,7.4771212547,29.999999998641773,0.3277125513007782,0.32771205156229327,9.25069,10.514938,8.139558,2.3753800000000016,-1.0
1.2,7503,UBVRIplus_Gaia_EDR3_Vega,0.0,0.0,0.4,165,7.4771212547,29.999999998641773,0.3384653427456771,0.3384648238605407,9.186485,10.433165,8.082226,2.3509390000000003,-1.0
1.2,7503,UBVRIplus_Gaia_EDR3_Vega,0.0,0.0,0.4,166,7.4771212547,29.999999998641773,0.352149042023416,0.3521484985644736,9.10876,10.334724,8.012737,2.321987,-1.0
1.2,7503,UBVRIplus_Gaia_EDR3_Vega,0.0,0.0,0.4,167,7.4771212547,29.999999998641773,0.3702048413105374,0.3702042655180574,9.00463,10.203878,7.919445,2.284433,-1.0
1.2,7503,UBVRIplus_Gaia_EDR3_Vega,0.0,0.0,0.4,168,7.4771212547,29.999999998641773,0.3955882274563933,0.3955876057603061,8.870869,10.036869,7.799415,2.2374539999999996,-1.0
1.2,7503,UBVRIplus_Gaia_EDR3_Vega,0.0,0.0,0.4,169,7.4771212547,29.999999998641773,0.42042938671737873,0.420428719607552,8.743983,9.879303,7.685495,2.1938079999999998,-1.0
1.2,7503,UBVRIplus_Gaia_EDR3_Vega,0.0,0.0,0.4,170,7.4771212547,29.999999998641773,0.4496719371703334,0.4496712161449298,8.599083,9.700248,7.555432,2.1448160000000005,-1.0
1.2,7503,UBVRIplus_Gaia_EDR3_Vega,0.0,0.0,0.4,171,7.4771212547,29.999999998641773,0.483566851106737,0.4835660667841776,8.434183,9.49757,7.407458,2.0901119999999995,-1.0
1.2,7503,UBVRIplus_Gaia_EDR3_Vega,0.0,0.0,0.4,172,7.4771212547,29.999999998641773,0.5154827640499067,0.515481919128763,8.284054,9.314005,7.272782,2.0412229999999996,-1.0
1.2,7503,UBVRIplus_Gaia_EDR3_Vega,0.0,0.0,0.4,173,7.4771212547,29.999999998641773,0.5495433840756674,0.5495424736577987,8.125861,9.122785,7.130482,1.9923030000000006,-1.0
1.2,7503,UBVRIplus_Gaia_EDR3_Vega,0.0,0.0,0.4,174,7.4771212547,29.999999998641773,0.5812333509618792,0.5812323785854623,7.97528,8.940441,6.996093,1.9443479999999997,-1.0
1.2,7503,UBVRIplus_Gaia_EDR3_Vega,0.0,0.0,0.4,175,7.4771212547,29.999999998641773,0.6121747548504486,0.6121737210318834,7.827583,8.763515,6.86409,1.899425,-1.0
1.2,7503,UBVRIplus_Gaia_EDR3_Vega,0.0,0.0,0.4,176,7.4771212547,29.999999998641773,0.6370159094649658,0.6370148251371297,7.701696,8.611942,6.752615,1.8593270000000013,-1.0
1.2,7503,UBVRIplus_Gaia_EDR3_Vega,0.0,0.0,0.4,177,7.4771212547,29.999999998641773,0.6591170139445346,0.6591158835400326,7.581242,8.466499,6.646716,1.819783000000001,-1.0
1.2,7503,UBVRIplus_Gaia_EDR3_Vega,0.0,0.0,0.4,178,7.4771212547,29.999999998641773,0.6821731303372036,0.6821719503847026,7.442282,8.297443,6.525939,1.7715039999999993,-1.0
1.2,7503,UBVRIplus_Gaia_EDR3_Vega,0.0,0.0,0.4,179,7.4771212547,29.999999998641773,0.7070257862603402,0.7070245506729265,7.272989,8.088806,6.381344,1.7074619999999996,-1.0
1.2,7503,UBVRIplus_Gaia_EDR3_Vega,0.0,0.0,0.4,180,7.4771212547,29.999999998641773,0.7313552615223953,0.7313539695740843,7.091393,7.865188,6.226976,1.6382120000000002,-1.0
1.2,7503,UBVRIplus_Gaia_EDR3_Vega,0.0,0.0,0.4,181,7.4771212547,29.999999998641773,0.7568272904115017,0.7568259364224665,6.879331,7.601471,6.04881,1.5526610000000005,-1.0
1.2,7503,UBVRIplus_Gaia_EDR3_Vega,0.0,0.0,0.4,182,7.4771212547,29.999999998641773,0.7803152630511297,0.78031384945411,6.669025,7.342239,5.870281,1.4719579999999999,-1.0
1.2,7503,UBVRIplus_Gaia_EDR3_Vega,0.0,0.0,0.4,183,7.4771212547,29.999999998641773,0.8018837131703445,0.801882242318899,6.462325,7.09112,5.692881,1.3982390000000002,-1.0
1.2,7503,UBVRIplus_Gaia_EDR3_Vega,0.0,0.0,0.4,184,7.4771212547,29.999999998641773,0.8216583791168486,0.821656853130281,6.261608,6.849936,5.520459,1.3294769999999998,-1.0
1.2,7503,UBVRIplus_Gaia_EDR3_Vega,0.0,0.0,0.4,185,7.4771212547,29.999999998641773,0.8397199955907866,0.8397184165156202,6.068283,6.619968,5.356771,1.263197,-1.0
1.2,7503,UBVRIplus_Gaia_EDR3_Vega,0.0,0.0,0.4,186,7.4771212547,29.999999998641773,0.8564783921165324,0.8564767609514256,5.883907,6.401118,5.204368,1.1967500000000006,-1.0
1.2,7503,UBVRIplus_Gaia_EDR3_Vega,0.0,0.0,0.4,187,7.4771212547,29.999999998641773,0.8721582110506858,0.8721565282466838,5.707916,6.193418,5.063282,1.1301360000000003,-1.0
1.2,7503,UBVRIplus_Gaia_EDR3_Vega,0.0,0.0,0.4,188,7.4771212547,29.999999998641773,0.8874691627906812,0.887467426579594,5.544383,6.0043,4.93018,1.0741199999999997,-1.0
1.2,7503,UBVRIplus_Gaia_EDR3_Vega,0.0,0.0,0.4,189,7.4771212547,29.999999998641773,0.9021793036712673,0.9021775129456713,5.386913,5.824702,4.799217,1.0254850000000006,-1.0
1.2,7503,UBVRIplus_Gaia_EDR3_Vega,0.0,0.0,0.4,190,7.4771212547,29.999999998641773,0.9164640129413983,0.9164621657923759,5.234806,5.652005,4.669405,0.9825999999999997,-1.0
1.2,7503,UBVRIplus_Gaia_EDR3_Vega,0.0,0.0,0.4,191,7.4771212547,29.999999998641773,0.9308428237947379,0.9308409161780489,5.090653,5.48764,4.542364,0.9452759999999998,-1.0
1.2,7503,UBVRIplus_Gaia_EDR3_Vega,0.0,0.0,0.4,192,7.4771212547,29.999999998641773,0.9456219226736127,0.9456199486159582,4.953125,5.328798,4.417002,0.9117959999999998,-1.0
1.2,7503,UBVRIplus_Gaia_EDR3_Vega,0.0,0.0,0.4,193,7.4771212547,29.999999998641773,0.9630346725758478,0.9630326133695826,4.806704,5.155933,4.2795,0.8764330000000005,-1.0
1.2,7503,UBVRIplus_Gaia_EDR3_Vega,0.0,0.0,0.4,194,7.4771212547,29.999999998641773,0.9835682474206862,0.9835660786903424,4.669665,4.994512,4.155905,0.8386070000000005,-1.0
1.2,7503,UBVRIplus_Gaia_EDR3_Vega,0.0,0.0,0.4,195,7.4771212547,29.999999998641773,1.0022684751508142,1.0022662004485485,4.59321,4.902859,4.092488,0.810371,-1.0
1.2,7503,UBVRIplus_Gaia_EDR3_Vega,0.0,0.0,0.4,196,7.4771212547,29.999999998641773,1.0215304795566351,1.021528091597828,4.563014,4.863064,4.072426,0.7906379999999995,-1.0
1.2,7503,UBVRIplus_Gaia_EDR3_Vega,0.0,0.0,0.4,197,7.4771212547,29.999999998641773,1.0371345173204607,1.0371320355594937,4.555677,4.850503,4.071192,0.7793109999999999,-1.0
1.2,7503,UBVRIplus_Gaia_EDR3_Vega,0.0,0.0,0.4,198,7.4771212547,29.999999998641773,1.0508760964580948,1.0508735313893884,4.550437,4.841877,4.070141,0.7717360000000006,-1.0
1.2,7503,UBVRIplus_Gaia_EDR3_Vega,0.0,0.0,0.4,199,7.4771212547,29.999999998641773,1.0649653779476116,1.0649627261813124,4.540764,4.829331,4.064204,0.7651269999999997,-1.0
1.2,7503,UBVRIplus_Gaia_EDR3_Vega,0.0,0.0,0.4,200,7.4771212547,29.999999998641773,1.0822336659706315,1.0822309065319562,4.516028,4.801512,4.043735,0.7577769999999999,-1.0
1.2,7503,UBVRIplus_Gaia_EDR3_Vega,0.0,0.0,0.4,201,7.4771212547,29.999999998641773,1.1013141843016947,1.1013113033642745,4.469797,4.751736,4.002744,0.7489920000000003,-1.0
1.2,7503,UBVRIplus_Gaia_EDR3_Vega,0.0,0.0,0.4,202,7.4771212547,29.999999998641773,1.1211483116050889,1.1211452995028193,4.399881,4.677291,3.939927,0.7373640000000004,0.0
1.2,7503,UBVRIplus_Gaia_EDR3_Vega,0.0,0.0,0.4,203,7.4771212547,29.999999998641773,1.133234949203386,1.1332318543413151,4.348664,4.62296,3.893793,0.7291669999999999,0.0
1.2,7503,UBVRIplus_Gaia_EDR3_Vega,0.0,0.0,0.4,204,7.4771212547,29.999999998641773,1.145394941236158,1.145391760418546,4.293182,4.56413,3.843905,0.7202249999999997,0.0
1.2,7503,UBVRIplus_Gaia_EDR3_Vega,0.0,0.0,0.4,205,7.4771212547,29.999999998641773,1.1577413961778364,1.1577381248035339,4.234329,4.501711,3.791123,0.7105880000000004,0.0
1.2,7503,UBVRIplus_Gaia_EDR3_Vega,0.0,0.0,0.4,206,7.4771212547,29.999999998641773,1.1719069917152591,1.1719036120700181,4.165932,4.429106,3.729985,0.6991209999999999,0.0
1.2,7503,UBVRIplus_Gaia_EDR3_Vega,0.0,0.0,0.4,207,7.4771212547,29.999999998641773,1.1843467437903925,1.1843432651446357,4.105361,4.364695,3.676076,0.6886190000000001,0.0
1.2,7503,UBVRIplus_Gaia_EDR3_Vega,0.0,0.0,0.4,208,7.4771212547,29.999999998641773,1.196931509362092,1.1969279268762294,4.044011,4.299367,3.621606,0.6777610000000003,0.0
1.2,7503,UBVRIplus_Gaia_EDR3_Vega,0.0,0.0,0.4,209,7.4771212547,29.999999998641773,1.2101693672749863,1.210165670830993,3.979404,4.230443,3.564381,0.6660620000000002,0.0
1.2,7503,UBVRIplus_Gaia_EDR3_Vega,0.0,0.0,0.4,210,7.4771212547,29.999999998641773,1.225628974926983,1.2256251387911203,3.904019,4.149785,3.497795,0.6519899999999996,0.0
1.2,7503,UBVRIplus_Gaia_EDR3_Vega,0.0,0.0,0.4,211,7.4771212547,29.999999998641773,1.239547184791175,1.2395432156213861,3.83497,4.075612,3.436969,0.6386429999999996,0.0
1.2,7503,UBVRIplus_Gaia_EDR3_Vega,0.0,0.0,0.4,212,7.4771212547,29.999999998641773,1.2518564612204046,1.2518523680633757,3.773737,4.009562,3.383094,0.626468,0.0
1.2,7503,UBVRIplus_Gaia_EDR3_Vega,0.0,0.0,0.4,213,7.4771212547,29.999999998641773,1.2647647276157539,1.2647604969449215,3.709284,3.939674,3.326527,0.6131470000000001,0.0
1.2,7503,UBVRIplus_Gaia_EDR3_Vega,0.0,0.0,0.4,214,7.4771212547,29.999999998641773,1.2786607887251922,1.2786564032870023,3.641608,3.86596,3.267321,0.5986389999999999,0.0
1.2,7503,UBVRIplus_Gaia_EDR3_Vega,0.0,0.0,0.4,215,7.4771212547,29.999999998641773,1.292338947149274,1.2923344008095388,3.5786,3.797002,3.212436,0.5845660000000001,0.0
1.2,7503,UBVRIplus_Gaia_EDR3_Vega,0.0,0.0,0.4,216,7.4771212547,29.999999998641773,1.3087036321836973,1.3086988817397578,3.51084,3.722477,3.153717,0.5687600000000002,0.0
1.2,7503,UBVRIplus_Gaia_EDR3_Vega,0.0,0.0,0.4,217,7.4771212547,29.999999998641773,1.3231822653171148,1.323177326490169,3.455485,3.661498,3.105764,0.5557339999999997,0.0
1.2,7503,UBVRIplus_Gaia_EDR3_Vega,0.0,0.0,0.4,218,7.4771212547,29.999999998641773,1.336238908463694,1.3362337915215257,3.409396,3.610725,3.065788,0.544937,0.0
1.2,7503,UBVRIplus_Gaia_EDR3_Vega,0.0,0.0,0.4,219,7.4771212547,29.999999998641773,1.3514511215642273,1.3514457883958177,3.356995,3.553097,3.020174,0.5329230000000003,0.0
1.2,7503,UBVRIplus_Gaia_EDR3_Vega,0.0,0.0,0.4,220,7.4771212547,29.999999998641773,1.3675639796237633,1.3675584085275445,3.301777,3.492472,2.971962,0.5205099999999998,0.0
1.2,7503,UBVRIplus_Gaia_EDR3_Vega,0.0,0.0,0.4,221,7.4771212547,29.999999998641773,1.3818668521778856,1.3818610595370584,3.253217,3.439135,2.929608,0.5095269999999998,0.0
1.2,7503,UBVRIplus_Gaia_EDR3_Vega,0.0,0.0,0.4,222,7.4771212547,29.999999998641773,1.396288412356832,1.3962823880633168,3.204282,3.385384,2.886967,0.49841700000000033,0.0
1.2,7503,UBVRIplus_Gaia_EDR3_Vega,0.0,0.0,0.4,223,7.4771212547,29.999999998641773,1.4105421232482296,1.410535861121848,3.156066,3.332421,2.845019,0.4874019999999999,0.0
1.2,7503,UBVRIplus_Gaia_EDR3_Vega,0.0,0.0,0.4,224,7.4771212547,29.999999998641773,1.4260513574627383,1.4260448266419012,3.104507,3.275676,2.800416,0.47526,0.0
1.2,7503,UBVRIplus_Gaia_EDR3_Vega,0.0,0.0,0.4,225,7.4771212547,29.999999998641773,1.5187719816873886,1.5187634815715634,2.834985,2.975484,2.577083,0.3984009999999998,0.0
1.2,7503,UBVRIplus_Gaia_EDR3_Vega,0.0,0.0,0.4,226,7.4771212547,29.999999998641773,1.534637466818706,1.5346286058695315,2.789605,2.925783,2.539365,0.38641799999999993,0.0
1.2,7503,UBVRIplus_Gaia_EDR3_Vega,0.0,0.0,0.4,227,7.4771212547,29.999999998641773,1.5519578472992417,1.5519485762025447,2.741125,2.872852,2.499331,0.37352099999999977,0.0
1.2,7503,UBVRIplus_Gaia_EDR3_Vega,0.0,0.0,0.4,228,7.4771212547,29.999999998641773,1.5682259956563476,1.5682163376128473,2.695716,2.82351,2.461984,0.361526,0.0
1.2,7503,UBVRIplus_Gaia_EDR3_Vega,0.0,0.0,0.4,229,7.4771212547,29.999999998641773,1.6747418725633954,1.6747295741239214,2.406327,2.509075,2.232639,0.27643600000000035,0.0
1.2,7503,UBVRIplus_Gaia_EDR3_Vega,0.0,0.0,0.4,230,7.4771212547,29.999999998641773,1.6976500566055397,1.6976371009100153,2.351919,2.449505,2.190585,0.2589199999999998,0.0
1.2,7503,UBVRIplus_Gaia_EDR3_Vega,0.0,0.0,0.4,231,7.4771212547,29.999999998641773,1.7200413945370776,1.7200277815329676,2.299814,2.39226,2.150388,0.24187199999999986,0.0
1.2,7503,UBVRIplus_Gaia_EDR3_Vega,0.0,0.0,0.4,232,7.4771212547,29.999999998641773,1.7399293869845716,1.739915187462517,2.254925,2.342623,2.116065,0.22655800000000026,0.0
1.2,7503,UBVRIplus_Gaia_EDR3_Vega,0.0,0.0,0.4,233,7.4771212547,29.999999998641773,1.7612694255746022,1.761254589356272,2.207668,2.289983,2.08021,0.20977299999999977,0.0
1.2,7503,UBVRIplus_Gaia_EDR3_Vega,0.0,0.0,0.4,234,7.4771212547,29.999999998641773,1.7887692091870537,1.788753544312486,2.148584,2.223669,2.035408,0.18826100000000023,0.0
1.2,7503,UBVRIplus_Gaia_EDR3_Vega,0.0,0.0,0.4,235,7.4771212547,29.999999998641773,1.8093514660963441,1.8093351725309246,2.105535,2.174926,2.002753,0.17217300000000035,0.0
1.2,7503,UBVRIplus_Gaia_EDR3_Vega,0.0,0.0,0.4,236,7.4771212547,29.999999998641773,1.8318519694263649,1.8318349875152693,2.060262,2.123143,1.968457,0.15468599999999988,0.0
1.2,7503,UBVRIplus_Gaia_EDR3_Vega,0.0,0.0,0.4,237,7.4771212547,29.999999998641773,1.855475049887641,1.855457335758535,2.013924,2.069482,1.933353,0.13612899999999972,0.0
1.2,7503,UBVRIplus_Gaia_EDR3_Vega,0.0,0.0,0.4,238,7.4771212547,29.999999998641773,1.8846851034880516,1.8846664556534019,1.958591,2.004737,1.890851,0.11388599999999993,0.0
1.2,7503,UBVRIplus_Gaia_EDR3_Vega,0.0,0.0,0.4,239,7.4771212547,29.999999998641773,1.905134791239782,1.905115476406992,1.921378,1.960658,1.861949,0.09870899999999994,0.0
1.2,7503,UBVRIplus_Gaia_EDR3_Vega,0.0,0.0,0.4,240,7.4771212547,29.999999998641773,1.928932896775724,1.9289127825014782,1.879267,1.910275,1.828791,0.08148399999999989,0.0
1.2,7503,UBVRIplus_Gaia_EDR3_Vega,0.0,0.0,0.4,241,7.4771212547,29.999999998641773,1.9531818922584858,1.953160936391661,1.837454,1.859581,1.795428,0.0641529999999999,0.0
1.2,7503,UBVRIplus_Gaia_EDR3_Vega,0.0,0.0,0.4,242,7.4771212547,29.999999998641773,1.984946811538573,1.9849247166468151,1.784774,1.796405,1.752811,0.04359400000000013,0.0
1.2,7503,UBVRIplus_Gaia_EDR3_Vega,0.0,0.0,0.4,243,7.4771212547,29.999999998641773,2.0091386267029705,2.0091156301957653,1.746369,1.751664,1.721208,0.03045600000000004,0.0
1.2,7503,UBVRIplus_Gaia_EDR3_Vega,0.0,0.0,0.4,244,7.4771212547,29.999999998641773,2.0334702327519683,2.0334463154667493,1.709127,1.708998,1.690439,0.018558999999999992,0.0
1.2,7503,UBVRIplus_Gaia_EDR3_Vega,0.0,0.0,0.4,245,7.4771212547,29.999999998641773,2.060154229407396,2.0601292703354988,1.66953,1.664572,1.657369,0.007202999999999848,0.0
1.2,7503,UBVRIplus_Gaia_EDR3_Vega,0.0,0.0,0.4,246,7.4771212547,29.999999998641773,2.088459602411973,2.088433507115063,1.628732,1.619653,1.623026,-0.0033730000000000704,0.0
1.2,7503,UBVRIplus_Gaia_EDR3_Vega,0.0,0.0,0.4,247,7.4771212547,29.999999998641773,2.1133061328311484,2.113278999003251,1.593804,1.581956,1.593172,-0.011216000000000115,0.0
1.2,7503,UBVRIplus_Gaia_EDR3_Vega,0.0,0.0,0.4,248,7.4771212547,29.999999998641773,2.1369402475403114,2.136912113591003,1.561466,1.54743,1.565518,-0.018087999999999882,0.0
1.2,7503,UBVRIplus_Gaia_EDR3_Vega,0.0,0.0,0.4,249,7.4771212547,29.999999998641773,2.1652993961988276,2.1652700234895645,1.523581,1.507524,1.532818,-0.025293999999999928,0.0
1.2,7503,UBVRIplus_Gaia_EDR3_Vega,0.0,0.0,0.4,250,7.4771212547,29.999999998641773,2.1947524589558878,2.1947217601846,1.485207,1.467576,1.499451,-0.0318750000000001,0.0
1.2,7503,UBVRIplus_Gaia_EDR3_Vega,0.0,0.0,0.4,251,7.4771212547,29.999999998641773,2.2196967060086528,2.219664851899902,1.453275,1.434632,1.471484,-0.03685200000000011,0.0
1.2,7503,UBVRIplus_Gaia_EDR3_Vega,0.0,0.0,0.4,252,7.4771212547,29.999999998641773,2.2421615464174374,2.242128624160847,1.424987,1.405619,1.446583,-0.040964,0.0
1.2,7503,UBVRIplus_Gaia_EDR3_Vega,0.0,0.0,0.4,253,7.4771212547,29.999999998641773,2.2715139781153426,2.271479624321915,1.388722,1.368584,1.414569,-0.04598499999999994,0.0
1.2,7503,UBVRIplus_Gaia_EDR3_Vega,0.0,0.0,0.4,254,7.4771212547,29.999999998641773,2.302383143984984,2.3023472329063104,1.35095,1.330142,1.381011,-0.05086900000000005,0.0
1.2,7503,UBVRIplus_Gaia_EDR3_Vega,0.0,0.0,0.4,255,7.4771212547,29.999999998641773,2.32781421803654,2.3277769953485494,1.320265,1.298947,1.353611,-0.054663999999999824,0.0
1.2,7503,UBVRIplus_Gaia_EDR3_Vega,0.0,0.0,0.4,256,7.4771212547,29.999999998641773,2.3597539446277453,2.3597150280440378,1.282537,1.260546,1.319884,-0.05933800000000011,0.0
1.2,7503,UBVRIplus_Gaia_EDR3_Vega,0.0,0.0,0.4,257,7.4771212547,29.999999998641773,2.3875687263929324,2.3875282846052635,1.250045,1.227366,1.290828,-0.06346200000000013,0.0
1.2,7503,UBVRIplus_Gaia_EDR3_Vega,0.0,0.0,0.4,258,7.4771212547,29.999999998641773,2.416758737463304,2.4167166495268417,1.215917,1.192402,1.260069,-0.06766700000000014,0.0
1.2,7503,UBVRIplus_Gaia_EDR3_Vega,0.0,0.0,0.4,259,7.4771212547,29.999999998641773,2.44304951261448,2.443005898007478,1.185422,1.161021,1.232455,-0.071434,0.0
1.2,7503,UBVRIplus_Gaia_EDR3_Vega,0.0,0.0,0.4,260,7.4771212547,29.999999998641773,2.478658546432932,2.4786128224881474,1.144842,1.118853,1.195949,-0.07709599999999983,0.0
1.2,7503,UBVRIplus_Gaia_EDR3_Vega,0.0,0.0,0.4,261,7.4771212547,29.999999998641773,2.508214456775174,2.508166911398523,1.111346,1.083753,1.165701,-0.08194800000000013,0.0
1.2,7503,UBVRIplus_Gaia_EDR3_Vega,0.0,0.0,0.4,262,7.4771212547,29.999999998641773,2.5317662704514516,2.5317172626633586,1.084831,1.055905,1.141665,-0.08575999999999984,0.0
1.2,7503,UBVRIplus_Gaia_EDR3_Vega,0.0,0.0,0.4,263,7.4771212547,29.999999998641773,2.565969713334343,2.5659184654297147,1.046924,1.016177,1.107121,-0.09094399999999991,0.0
1.2,7503,UBVRIplus_Gaia_EDR3_Vega,0.0,0.0,0.4,264,7.4771212547,29.999999998641773,2.5943752651646124,2.5943221416558186,1.015913,0.983712,1.078772,-0.09506000000000003,0.0
1.2,7503,UBVRIplus_Gaia_EDR3_Vega,0.0,0.0,0.4,265,7.4771212547,29.999999998641773,2.6298379322386456,2.6297823959108753,0.97799,0.944081,1.043955,-0.09987400000000002,0.0
1.2,7503,UBVRIplus_Gaia_EDR3_Vega,0.0,0.0,0.4,266,7.4771212547,29.999999998641773,2.654586079219906,2.65452878554973,0.95154,0.916542,1.019468,-0.10292600000000007,0.0
1.2,7503,UBVRIplus_Gaia_EDR3_Vega,0.0,0.0,0.4,267,7.4771212547,29.999999998641773,2.690524858983901,2.6904649546860675,0.914204,0.877608,0.984995,-0.1073869999999999,0.0
1.2,7503,UBVRIplus_Gaia_EDR3_Vega,0.0,0.0,0.4,268,7.4771212547,29.999999998641773,2.71606692551329,2.7160051486934447,0.887765,0.850138,0.960388,-0.11025000000000007,0.0
1.2,7503,UBVRIplus_Gaia_EDR3_Vega,0.0,0.0,0.4,269,7.4771212547,29.999999998641773,2.7543345512019393,2.7542698964462704,0.849311,0.810158,0.924627,-0.11446899999999993,0.0
1.2,7503,UBVRIplus_Gaia_EDR3_Vega,0.0,0.0,0.4,270,7.4771212547,29.999999998641773,2.7835725259772186,2.7835055605498535,0.820258,0.780075,0.897379,-0.11730400000000007,0.0
1.2,7503,UBVRIplus_Gaia_EDR3_Vega,0.0,0.0,0.4,271,7.4771212547,29.999999998641773,2.818572727834381,2.818502961090866,0.786077,0.744618,0.865425,-0.120807,0.0
1.2,7503,UBVRIplus_Gaia_EDR3_Vega,0.0,0.0,0.4,272,7.4771212547,29.999999998641773,2.849112970418495,2.849040690841404,0.756387,0.713876,0.837559,-0.1236830000000001,0.0
1.2,7503,UBVRIplus_Gaia_EDR3_Vega,0.0,0.0,0.4,273,7.4771212547,29.999999998641773,2.8831654710015275,2.8830903018566856,0.723719,0.680082,0.806832,-0.12675000000000003,0.0
1.2,7503,UBVRIplus_Gaia_EDR3_Vega,0.0,0.0,0.4,274,7.4771212547,29.999999998641773,2.9199550543137063,2.9198766622782393,0.688917,0.644094,0.774069,-0.12997499999999995,0.0
1.2,7503,UBVRIplus_Gaia_EDR3_Vega,0.0,0.0,0.4,275,7.4771212547,29.999999998641773,2.956268641953894,2.9561870155795944,0.655484,0.609562,0.74252,-0.1329579999999999,0.0
1.2,7503,UBVRIplus_Gaia_EDR3_Vega,0.0,0.0,0.4,276,7.4771212547,29.999999998641773,2.9915286022141805,2.9914437238789677,0.623118,0.576151,0.711939,-0.13578800000000002,0.0
