source,source_key,tde_id,name,aliases,ra_deg,dec_deg,redshift,discovery_mjd,peak_mjd_ref,discovery_survey,class_label,confidence,host_name,log_mbh,notes,mag_value,mag_band,mag_basis,include_flag
otter,6575856,srgej163831_7_534020,SRGE J163831.7+534020,SRGE J163831.7+534020,249.633401,53.672931,0.581,59062.0,,xray,tde_candidate,likely,,,source=OTTER; TDE; mag_basis=OTTER optical photometry,,,OTTER optical photometry,False
otter,6575883,sdssj1323,SDSSJ1323,SDSSJ1323;SDSSJ1323+48,200.92487499999996,48.45035,0.08754,52975.0,,xray,tde,secure,SDSS J132341.97+482701.3,,source=OTTER; TDE; mag_basis=OTTER optical photometry,,,OTTER optical photometry,False
otter,6575887,2masxj011908693411305,2MASX J01190869-3411305,2MASX J01190869-3411305,19.783333333333328,-34.19166666666666,0.018,55391.0,,xray,tde,secure,GSN 069,,source=OTTER; TDE; mag_basis=OTTER optical photometry,,,OTTER optical photometry,False
otter,6575891,dougie,Dougie,Dougie,182.1994583333333,43.022225,0.191,54848.0,,xray,tde,secure,SDSS J120847.77+430120.1,,source=OTTER; TDE; mag_basis=OTTER optical photometry,,,OTTER optical photometry,False
otter,6575893,vastj215418_2_002442,VAST J215418.2+002442,VAST J215418.2+002442,328.58,0.41,,,,radio,tde,secure,,,source=OTTER; TDE; mag_basis=OTTER optical photometry,,,OTTER optical photometry,False
otter,6575903,rxj1624_75,RX J1624+75,RX J1624+75;RXJ1624+7554,246.23624999999996,75.91597222222222,0.0636,48128.0,,xray,tde,secure,RX J1624.9+7554,,source=OTTER; TDE; mag_basis=OTTER optical photometry,,,OTTER optical photometry,False
otter,6575911,vastj093634_7054755,VAST J093634.7-054755,VAST J093634.7-054755,144.14,-5.8,,,,radio,tde,secure,,,source=OTTER; TDE; mag_basis=OTTER optical photometry,,,OTTER optical photometry,False
otter,6575915,ugc03317,UGC 03317,UGC 03317,83.407,73.724,0.004136,55461.0,,xray,tde,secure,UGC 3317,,source=OTTER; TDE; mag_basis=OTTER optical photometry,,,OTTER optical photometry,False
otter,6575919,vtj2030,VT J2030,VT J2030,307.6970833333333,4.2252777777777775,0.061,,,radio,tde,secure,,,source=OTTER; TDE; mag_basis=OTTER optical photometry,,,OTTER optical photometry,False
otter,6575925,pgc170392,PGC 170392,PGC 170392,336.693,-15.023000000000001,0.016246,53702.0,,xray,tde,secure,6dFGS gJ222646.4-150123,,source=OTTER; TDE; mag_basis=OTTER optical photometry,,,OTTER optical photometry,False
otter,6575933,at2022czy,AT 2022czy,AT 2022czy;ATLAS22gtw;Gaia22cay;PS22bvf,185.504708,16.995561,0.109,59632.49872,,optical,tde,secure,,,source=OTTER; TDE; mag_basis=OTTER optical photometry,,,OTTER optical photometry,False
otter,6575935,srgej135514_8_311605,SRGE J135514.8+311605,SRGE J135514.8+311605,208.81257899999997,31.268121,0.1989,59023.0,,xray,tde_candidate,likely,SDSS J135515.01+311605.2,,source=OTTER; TDE; mag_basis=OTTER optical photometry,,,OTTER optical photometry,False
otter,6575941,srgej071310_6_725627,SRGE J071310.6+725627,SRGE J071310.6+725627,108.29383499999999,72.940751,0.104,59133.0,,xray,tde_candidate,likely,,,source=OTTER; TDE; mag_basis=OTTER optical photometry,,,OTTER optical photometry,False
otter,6575955,pgc1127938,PGC 1127938,PGC 1127938,19.736,-1.053,0.02,54108.0,,xray,tde,secure,2SLAQ J011844.35-010906.8,,source=OTTER; TDE; mag_basis=OTTER optical photometry,,,OTTER optical photometry,False
otter,6575961,ps113jw,PS1-13jw,PS1-13jw,131.22316666666666,42.96244444444445,0.345,56329.0,,optical,tde,secure,SDSS J084453.56+425744.8,,source=OTTER; TDE TDE TDE; mag_basis=OTTER optical photometry,,,OTTER optical photometry,False
otter,6575974,sdssj1350,SDSSJ1350,SDSSJ1350,207.50629166666667,29.269363888888886,0.0777,,,optical,tde,secure,SDSS J135001.49+291609.7,,source=OTTER; TDE; mag_basis=OTTER optical photometry,,,OTTER optical photometry,False
otter,6575976,pgc015259,PGC 015259,PGC 015259,67.341,-4.76,0.014665,55235.0,,xray,tde,secure,2MFGC 3645,,source=OTTER; TDE; mag_basis=OTTER optical photometry,,,OTTER optical photometry,False
otter,6575980,2xmmij1847,2XMMi J1847,2XMMi J1847;2XMMi J184725.1-631724,281.8548333333333,-63.29026666666667,0.0353,53979.0,,xray,tde,secure,IC 4765-f01-1504,,source=OTTER; TDE; mag_basis=OTTER optical photometry,,,OTTER optical photometry,False
otter,6575986,at2018cqh,AT 2018cqh,AT 2018cqh,38.44554166666666,-1.0245499999999998,0.048,58285.54299770016,,optical,tde,secure,,,source=OTTER; TDE; mag_basis=OTTER optical photometry,,,OTTER optical photometry,False
otter,6575998,ngc5905,NGC 5905,NGC 5905,228.84716666666665,55.51710833333333,0.01124,48083.0,,xray,tde,secure,NGC 5905,,source=OTTER; TDE; mag_basis=OTTER optical photometry,,,OTTER optical photometry,False
otter,6576004,xmmsl1j061927_1655311,XMMSL1 J061927.1-655311,XMMSL1 J061927.1-655311,94.86249999999998,-65.88527777777779,0.0729,56243.0,,xray,tde,secure,2MASX 06192755-6553079,,source=OTTER; TDE; mag_basis=OTTER optical photometry,,,OTTER optical photometry,False
otter,6576006,erasstj234403352640,eRASSt J234403-352640,eRASSt J234403-352640,356.0120833333333,-35.44427777777778,0.1,59181.0,,xray,tde,secure,,,source=OTTER; TDE; mag_basis=OTTER optical photometry,,,OTTER optical photometry,False
otter,6576010,at2022wyq,AT 2022wyq,AT 2022wyq;ZTF20acyxwgf;J094806,147.02729166666666,3.3005277777777775,0.207,59695.193,,optical,tde,secure,SDSS J094806.55+031801.9,,source=OTTER; TDE TDE TDE; mag_basis=OTTER optical photometry,,,OTTER optical photometry,False
otter,6576012,vastj104315_9_005059,VAST J104315.9+005059,VAST J104315.9+005059,160.82,0.85,,,,radio,tde,secure,,,source=OTTER; TDE; mag_basis=OTTER optical photometry,,,OTTER optical photometry,False
otter,6576014,des14c1kia,DES14C1kia,DES14C1kia,53.69787499999999,-26.32638888888889,0.162,56972.0,,xray,tde_candidate,likely,"Uncataloged, 03:34:47.49-26:19:35.0",,source=OTTER; TDE; mag_basis=OTTER optical photometry,,,OTTER optical photometry,False
otter,6576016,rxj124211a,RX J1242-11A,RX J1242-11A;RXJ1242-1119,190.66062499999998,-11.322444444444445,0.05,48818.0,,xray,tde,secure,RX J1242.6-1119A,,source=OTTER; TDE; mag_basis=OTTER optical photometry,,,OTTER optical photometry,False
otter,6576024,srgej091747_6_524821,SRGE J091747.6+524821,SRGE J091747.6+524821,139.44749199999998,52.805634999999995,0.1876,59150.0,,xray,tde_candidate,likely,,,source=OTTER; TDE; mag_basis=OTTER optical photometry,,,OTTER optical photometry,False
otter,6576026,vtj2012,VT J2012,VT J2012,303.1245833333333,-17.098972222222223,0.053,,,radio,tde,secure,,,source=OTTER; TDE; mag_basis=OTTER optical photometry,,,OTTER optical photometry,False
otter,6576028,vastj144848_2_030235,VAST J144848.2+030235,VAST J144848.2+030235,222.2,3.04,,,,radio,tde,secure,,,source=OTTER; TDE; mag_basis=OTTER optical photometry,,,OTTER optical photometry,False
otter,6576030,ngc247,NGC 247,NGC 247,11.785999999999998,-20.76,0.000531,56839.0,,xray,tde,secure,NGC 247,,source=OTTER; TDE; mag_basis=OTTER optical photometry,,,OTTER optical photometry,False
otter,6576038,xmmsl2j140446_9251135,XMMSL2 J140446.9-251135,XMMSL2 J140446.9-251135,211.1958333333333,-25.193055555555556,0.043,58164.0,,xray,tde,secure,2MASX 14044671-2511433,,source=OTTER; TDE; mag_basis=OTTER optical photometry,,,OTTER optical photometry,False
otter,6576040,vtj1752,VT J1752,VT J1752,268.00041666666664,65.62666666666667,0.089,,,radio,tde,secure,,,source=OTTER; TDE; mag_basis=OTTER optical photometry,,,OTTER optical photometry,False
otter,6576042,pgc1185375,PGC 1185375,PGC 1185375,225.95999999999998,1.127,0.00523,55230.0,,xray,tde,secure,2MASX J15035028+0107366,,source=OTTER; TDE; mag_basis=OTTER optical photometry,,,OTTER optical photometry,False
otter,6576044,igrj173614441,IGR J17361-4441,IGR J17361-4441,264.0725833333333,-44.734994444444446,0.000271,52720.0,,xray,tde,secure,NGC 6388,,source=OTTER; TDE TDE; mag_basis=OTTER optical photometry,,,OTTER optical photometry,False
otter,6576079,swj111282,Sw J1112-82,Sw J1112-82;Swift J1112.2-8238;Swift J1112-82,167.94833333333332,-82.64567777777778,0.89,55922.0,,xray,tde,secure,Swift J1112.2-8238,,source=OTTER; TDE; mag_basis=OTTER optical photometry,,,OTTER optical photometry,False
otter,6576083,srgej133053_3_734824,SRGE J133053.3+734824,SRGE J133053.3+734824,202.72091799999995,73.806739,0.1505,59155.0,,xray,tde_candidate,likely,,,source=OTTER; TDE; mag_basis=OTTER optical photometry,,,OTTER optical photometry,False
otter,6576085,xmmsl1j131952_3_225958,XMMSL1 J131952.3+225958,XMMSL1 J131952.3+225958,199.96666666666664,22.999444444444446,0.023,53566.0,,xray,tde,secure,NGC 5092,,source=OTTER; TDE; mag_basis=OTTER optical photometry,,,OTTER optical photometry,False
otter,6576087,ptf10iya,PTF10iya,PTF10iya,219.6708333333333,37.65933333333333,0.22405,55358.0,,xray,tde,secure,SDSS J143840.98+373933.4,,source=OTTER; TDE; mag_basis=OTTER optical photometry,,,OTTER optical photometry,False
otter,6576093,ptf10nuj,PTF10nuj,PTF10nuj,246.60291666666663,54.706,0.132,55360.0,,xray,tde,secure,SDSS J162624.66+544221.4,,source=OTTER; TDE; mag_basis=OTTER optical photometry,,,OTTER optical photometry,False
otter,6576097,xmmsl1j063045_9603110,XMMSL1 J063045.9-603110,XMMSL1 J063045.9-603110,97.69166666666666,-60.519444444444446,0.014,55896.0,,xray,tde,secure,XMMSL1 J063045.9-603110,,source=OTTER; TDE; mag_basis=OTTER optical photometry,,,OTTER optical photometry,False
otter,6576111,vastj213437_8620433,VAST J213437.8-620433,VAST J213437.8-620433,323.66,-62.08,,,,radio,tde,secure,,,source=OTTER; TDE; mag_basis=OTTER optical photometry,,,OTTER optical photometry,False
otter,6576119,srgej161001_2_330121,SRGE J161001.2+330121,SRGE J161001.2+330121,242.50591999999997,33.022416,0.1309,59075.0,,xray,tde_candidate,likely,,,source=OTTER; TDE; mag_basis=OTTER optical photometry,,,OTTER optical photometry,False
otter,6576121,vtj1356,VT J1356,VT J1356,209.05041666666665,-26.980749999999997,0.018,,,radio,tde,secure,,,source=OTTER; TDE; mag_basis=OTTER optical photometry,,,OTTER optical photometry,False
otter,6576125,3xmmj150052_0_015452,3XMM J150052.0+015452,3XMM J150052.0+015452;XJ1500+0154,225.21666666666664,1.9144444444444444,0.145,53574.0,,xray,tde,secure,SDSS J150052.07+015453.8,,source=OTTER; TDE; mag_basis=OTTER optical photometry,,,OTTER optical photometry,False
otter,6576135,srgej171423_6_085236,SRGE J171423.6+085236,SRGE J171423.6+085236,258.598393,8.876918,0.036,59110.0,,xray,tde_candidate,likely,,,source=OTTER; TDE; mag_basis=OTTER optical photometry,,,OTTER optical photometry,False
otter,6576139,at2019gte,AT 2019gte,AT 2019gte;ATLAS19omw;ZTF19aavxfib,196.6642678,-1.5484498,0.086,58634.25278935185,,optical,tde,secure,,,source=OTTER; TDE; mag_basis=OTTER optical photometry,,,OTTER optical photometry,False
otter,6576145,vastj230053_0020732,VAST J230053.0-020732,VAST J230053.0-020732,345.22,-2.13,,,,radio,tde,secure,,,source=OTTER; TDE; mag_basis=OTTER optical photometry,,,OTTER optical photometry,False
otter,6576147,rxj1420_53,RX J1420+53,RX J1420+53,215.10083333333333,53.569722222222225,0.147,48083.0,,xray,tde,secure,RX J1420.4+5334,,source=OTTER; TDE; mag_basis=OTTER optical photometry,,,OTTER optical photometry,False
otter,6576151,rbs1032,RBS 1032,RBS 1032,176.86166666666665,49.71638888888889,0.026,48200.0,,xray,tde,secure,SDSS J114726.69+494257.8,,source=OTTER; TDE; mag_basis=OTTER optical photometry,,,OTTER optical photometry,False
otter,6576153,at2022arb,AT 2022arb,AT 2022arb;ZTF22aaaihgr;PS22aqk;ATLAS22dls,156.043047049,-0.822997785982,0.062,59607.48,,optical,tde,secure,,,source=OTTER; TDE; mag_basis=OTTER optical photometry,,,OTTER optical photometry,False
otter,6576155,at2021blz,AT 2021blz,AT 2021blz;ATLAS21djg,68.130215,-32.4306575,0.045,59245.283,,optical,tde,secure,,,source=OTTER; TDE; mag_basis=OTTER optical photometry,,,OTTER optical photometry,False
otter,6576157,vastj212618_5_022400,VAST J212618.5+022400,VAST J212618.5+022400,321.58,2.4,,,,radio,tde,secure,,,source=OTTER; TDE; mag_basis=OTTER optical photometry,,,OTTER optical photometry,False
otter,6576161,sdssj0159,SDSSJ0159,SDSSJ0159,29.990166666666667,0.5529138888888889,0.31167,51754.0,,xray,tde_candidate,likely,SDSS J015957.64+003310.4,,source=OTTER; TDE; mag_basis=OTTER optical photometry,,,OTTER optical photometry,False
otter,6576165,ngc3599,NGC 3599,NGC 3599,168.86229166666666,18.110369444444444,0.002699,52421.0,,xray,tde,secure,NGC 3599,,source=OTTER; TDE TDE; mag_basis=OTTER optical photometry,,,OTTER optical photometry,False
otter,6576167,sdssj0952,SDSSJ0952,SDSSJ0952,148.03983333333332,21.720344444444443,0.0789,54501.0,,xray,tde,secure,SDSS J095209.56+214313.3,,source=OTTER; TDE; mag_basis=OTTER optical photometry,,,OTTER optical photometry,False
otter,6576169,vastj221936_0_004724,VAST J221936.0+004724,VAST J221936.0+004724,334.9,0.79,,,,radio,tde,secure,,,source=OTTER; TDE; mag_basis=OTTER optical photometry,,,OTTER optical photometry,False
otter,6576171,srgej153503_4_455056,SRGE J153503.4+455056,SRGE J153503.4+455056,233.763172,45.848598,0.2314,59043.0,,xray,tde_candidate,likely,,,source=OTTER; TDE; mag_basis=OTTER optical photometry,,,OTTER optical photometry,False
otter,6576175,pgc133344,PGC 133344,PGC 133344,325.73299999999995,-30.133,0.02365,53446.0,,xray,tde,secure,6dFGS gJ214256.0-300758,,source=OTTER; TDE; mag_basis=OTTER optical photometry,,,OTTER optical photometry,False
otter,6576177,cxouj0332,CXOU J0332,CXOU J0332;CXOU J033238.8-275134,53.16166666666666,-27.859444444444446,2.23,56931.0,,xray,tde_candidate,likely,CANDELS J033238.77-275133.7,,source=OTTER; TDE; mag_basis=OTTER optical photometry,,,OTTER optical photometry,False
otter,6576203,arp299bat1,ARP 299-B AT1,ARP 299-B AT1,172.1291145833333,58.56132861111111,0.010411,53400.0,,ir,tde,secure,,,source=OTTER; TDE; mag_basis=OTTER optical photometry,,,OTTER optical photometry,False
otter,6576214,ps112yp,PS1-12yp,PS1-12yp;CSS120301:133156+235405;SDSSJ133155,202.98295833333333,23.90158333333333,0.581,56026.0,,optical,tde,secure,SDSS J133155.90+235405.8,,source=OTTER; TDE; mag_basis=OTTER optical photometry,,,OTTER optical photometry,False
otter,6576222,j094608,J094608,J094608,146.535375,35.20622222222222,0.119,,,optical,tde,secure,SDSS J094608.49+351222.4,,source=OTTER; TDE TDE TDE; mag_basis=OTTER optical photometry,,,OTTER optical photometry,False
otter,6576232,xmmsl1j074085,XMMSL1 J0740-85,XMMSL1 J0740-85;XMM SL1 J0749-85;XMMSL1 J074008.2-853927,115.03412499999999,-85.65868055555556,0.0173,56748.0,,xray,tde,secure,2MASX 07400785-8539307,,source=OTTER; TDE; mag_basis=OTTER optical photometry,,,OTTER optical photometry,False
otter,6576234,3xmmj215022_4055108,3XMM J215022.4-055108,3XMM J215022.4-055108,327.5916666666666,-5.852222222222222,0.055,53491.0,,xray,tde,secure,6dFGS gJ215022.2-055059,,source=OTTER; TDE; mag_basis=OTTER optical photometry,,,OTTER optical photometry,False
otter,6576236,sdssj1311,SDSSJ1311,SDSSJ1311;SDSSJ1311-01,197.84249999999997,-1.395888888888889,0.18,53063.0,,xray,tde,secure,SDSS J131122.15-012345.6,,source=OTTER; TDE; mag_basis=OTTER optical photometry,,,OTTER optical photometry,False
otter,6576242,srgej013204_6_122236,SRGE J013204.6+122236,SRGE J013204.6+122236,23.018674999999995,12.376562,0.132,59038.0,,xray,tde_candidate,likely,,,source=OTTER; TDE; mag_basis=OTTER optical photometry,,,OTTER optical photometry,False
otter,6576244,at2022adm,AT 2022adm,AT 2022adm;Gaia22anq;ZTF22aaaekqh,216.964333,28.174731,0.061,59600.494108796294,,optical,tde,secure,,,source=OTTER; TDE; mag_basis=OTTER optical photometry,,,OTTER optical photometry,False
otter,6576246,ngc6021,NGC 6021,NGC 6021,239.378,15.956,0.015607,53372.0,,xray,tde_candidate,likely,NGC 6021,,source=OTTER; TDE; mag_basis=OTTER optical photometry,,,OTTER optical photometry,False
otter,6576250,xmmsl2j144605_0_685735,XMMSL2 J144605.0+685735,XMMSL2 J144605.0+685735;XMMSL2_J1446+68,221.52083333333331,68.95861111111111,0.029,53969.0,,xray,tde,secure,"2MASX 14460522+6857311, LEDA 2725953",,source=OTTER; TDE; mag_basis=OTTER optical photometry,,,OTTER optical photometry,False
otter,6576256,firstj153350_8_272729,FIRST J153350.8+272729,FIRST J153350.8+272729,233.462,27.45822722222222,0.03243,49823.0,,xray,tde,secure,,,source=OTTER; TDE; mag_basis=OTTER optical photometry,,,OTTER optical photometry,False
otter,6576264,srgej021939_9_361819,SRGE J021939.9+361819,SRGE J021939.9+361819,34.916264,36.305054,0.3879,59068.0,,xray,tde_candidate,likely,,,source=OTTER; TDE; mag_basis=OTTER optical photometry,,,OTTER optical photometry,False
otter,6576266,pgc1190358,PGC 1190358,PGC 1190358,226.369,1.2919999999999998,0.00766,55194.0,,xray,tde,secure,N5846-162,,source=OTTER; TDE; mag_basis=OTTER optical photometry,,,OTTER optical photometry,False
otter,6576268,igrj12580_0134,IGR J12580+0134,IGR J12580+0134;IGR12580,194.52124999999998,1.573888888888889,0.00411,55572.0,,xray,tde,secure,,,source=OTTER; TDE; mag_basis=OTTER optical photometry,,,OTTER optical photometry,False
otter,6576270,vastj234449_6_015434,VAST J234449.6+015434,VAST J234449.6+015434,356.21,1.91,,,,radio,tde,secure,,,source=OTTER; TDE; mag_basis=OTTER optical photometry,,,OTTER optical photometry,False
otter,6576278,leda095953,LEDA 095953,LEDA 095953,206.876375,-32.91406388888889,0.0366,48443.0,,xray,tde,secure,LEDA 095953,,source=OTTER; TDE; mag_basis=OTTER optical photometry,,,OTTER optical photometry,False
otter,6576280,wingsj1348,WINGS J1348,WINGS J1348;WINGS J134849.88+263557.5,207.20791666666668,26.599302777777776,0.062,51532.0,,xray,tde,secure,WINGS J134849.88+263557.5,,source=OTTER; TDE; mag_basis=OTTER optical photometry,,,OTTER optical photometry,False
otter,6576282,gaia16aka,Gaia 16aka,Gaia 16aka,222.03333333333333,37.23305555555556,0.31,57478.0,,optical,tde,secure,SDSS J144808.24+371358.8,,source=OTTER; TDE; mag_basis=OTTER optical photometry,,,OTTER optical photometry,False
otter,6576286,j233454,J233454,J233454,353.72529166666664,14.953555555555555,0.107,,,optical,tde,secure,SDSS J233454.07+145712.8,,source=OTTER; TDE TDE TDE; mag_basis=OTTER optical photometry,,,OTTER optical photometry,False
otter,6576292,vastj015856_8012404,VAST J015856.8-012404,VAST J015856.8-012404,29.74,-1.4,,,,radio,tde,secure,,,source=OTTER; TDE; mag_basis=OTTER optical photometry,,,OTTER optical photometry,False
otter,6576294,2masxj0249,2MASX J0249,2MASX J0249;XMMSL1 J024916.6-041244,42.32199999999999,-4.215,0.0186,53210.0,,xray,tde,secure,2MASX J02491731-0412521,,source=OTTER; TDE; mag_basis=OTTER optical photometry,,,OTTER optical photometry,False
otter,6576296,vastj210626_2020055,VAST J210626.2-020055,VAST J210626.2-020055,316.61,-2.02,,,,radio,tde,secure,,,source=OTTER; TDE; mag_basis=OTTER optical photometry,,,OTTER optical photometry,False
otter,6576318,vastj011148_1025539,VAST J011148.1-025539,VAST J011148.1-025539,17.95,-2.93,,,,radio,tde,secure,,,source=OTTER; TDE; mag_basis=OTTER optical photometry,,,OTTER optical photometry,False
otter,6576322,srgej163030_2_470125,SRGE J163030.2+470125,SRGE J163030.2+470125,247.626052,47.02373,0.294,59067.0,,xray,tde_candidate,likely,,,source=OTTER; TDE; mag_basis=OTTER optical photometry,,,OTTER optical photometry,False
otter,6576330,3xmmj152130_7_074916,3XMM J152130.7+074916,3XMM J152130.7+074916,230.37812499999995,7.821305555555555,0.17901,51779.0,,xray,tde,secure,SDSS J152130.72+074916.5,,source=OTTER; TDE TDE; mag_basis=OTTER optical photometry,,,OTTER optical photometry,False
otter,6576334,srgej144738_4_671821,SRGE J144738.4+671821,SRGE J144738.4+671821,221.91277099999996,67.305094,0.125,59172.0,,xray,tde_candidate,likely,,,source=OTTER; TDE; mag_basis=OTTER optical photometry,,,OTTER optical photometry,False
otter,6576342,ugc01791,UGC 01791,UGC 01791,34.97299999999999,28.248,0.015881,53379.0,,xray,tde,secure,UGC 1791,,source=OTTER; TDE; mag_basis=OTTER optical photometry,,,OTTER optical photometry,False
otter,6576344,sdssj0748,SDSSJ0748,SDSSJ0748,117.08612499999998,47.20395277777778,0.0615,52935.0,,optical,tde,secure,SDSS J074820.67+471214.3,,source=OTTER; TDE; mag_basis=OTTER optical photometry,,,OTTER optical photometry,False
otter,6576348,srgej095928_6_643023,SRGE J095928.6+643023,SRGE J095928.6+643023,149.86865999999998,64.506053,0.454,59150.0,,xray,tde_candidate,likely,,,source=OTTER; TDE; mag_basis=OTTER optical photometry,,,OTTER optical photometry,False
otter,6576354,2xmmj123103_2_110648,2XMM J123103.2+110648,2XMM J123103.2+110648;XJ1231+1106,187.76333333333332,11.113333333333333,0.11871,52833.0,,xray,tde_candidate,likely,GJ1231+1106,,source=OTTER; TDE; mag_basis=OTTER optical photometry,,,OTTER optical photometry,False
otter,6576356,ptf11glr,PTF11glr,PTF11glr,253.52554166666658,41.33744444444444,0.207,55709.0,,xray,tde,secure,SDSS J165406.16+412015.4,,source=OTTER; TDE; mag_basis=OTTER optical photometry,,,OTTER optical photometry,False
otter,6576358,sdssj1201,SDSSJ1201,SDSSJ1201;SDSSJ1201+30,180.400125,30.051533333333335,0.146,55357.0,,xray,tde,secure,SDSS J120136.02+300305.5,,source=OTTER; TDE; mag_basis=OTTER optical photometry,,,OTTER optical photometry,False
otter,6576360,at2020vwl,AT 2020vwl,AT 2020vwl,232.65749999999997,26.982469444444444,0.035,59132.72800000012,,optical,tde,secure,,,source=OTTER; TDE; mag_basis=OTTER optical photometry,,,OTTER optical photometry,False
otter,6576362,at2022csn,AT 2022csn,AT 2022csn,112.228875,26.897031,0.148,59629.32800000021,,TNS,tde,secure,,,source=OTTER; TDE; mag_basis=OTTER optical photometry,,,OTTER optical photometry,False
otter,6576364,at2021qth,AT 2021qth,AT 2021qth,302.912191,-21.160179,0.0805,59382.4160000002,,TNS,tde,secure,,,source=OTTER; TDE; mag_basis=OTTER optical photometry,,,OTTER optical photometry,False
otter,6576366,at2023ugy,AT 2023ugy,AT 2023ugy,325.183417,21.016269,0.106,60223.2910000002,,TNS,tde,secure,,,source=OTTER; TDE; mag_basis=OTTER optical photometry,,,OTTER optical photometry,False
otter,6576368,at2022fpx,AT 2022fpx,AT 2022fpx,232.765417,53.40535,0.073,59669.52000000002,,TNS,tde,secure,,,source=OTTER; TDE; mag_basis=OTTER optical photometry,,,OTTER optical photometry,False
otter,6576370,at2023kvy,AT 2023kvy,AT 2023kvy,354.949849,8.164896,0.16,60092.1660000002,,TNS,tde,secure,,,source=OTTER; TDE; mag_basis=OTTER optical photometry,,,OTTER optical photometry,False
otter,6576390,ogle17aaj,OGLE17aaj,OGLE17aaj,29.103875,-71.07102777777777,0.116,57754.0,,optical,tde,secure,GALEXASC J015624.70-710415.8,,source=OTTER; TDE; mag_basis=OTTER optical photometry,,,OTTER optical photometry,False
otter,6576091,at2022exr,AT 2022exr,AT 2022exr;ATLAS22jix;ZTF22aadgefj;Gaia22cgf,262.4604624,25.8421643,0.0955,59658.61201,59672.95833333331,optical,tde,secure,,,source=OTTER; TDE; mag_basis=OTTER optical photometry,,,OTTER optical photometry,False
otter,6576095,at2020qhs,AT 2020qhs,AT 2020qhs;PS20krl;ZTF20abowque;ATLAS20upw,34.474792,-9.614137,0.345,59056.4415625,59055.95833333331,optical,tde,secure,,,source=OTTER; TDE; mag_basis=OTTER optical photometry,,,OTTER optical photometry,False
otter,6576099,wtp17aamzew,WTP17aamzew,WTP17aamzew,146.2357,31.097848,0.03465,,,ir,tde,secure,,,source=OTTER; TDE; mag_basis=OTTER optical photometry,,,OTTER optical photometry,False
otter,6576101,at2023cvb,AT 2023cvb,AT 2023cvb;ATLAS23dht;ZTF23aadcbay,288.607003,41.669251,0.071,60009.61634,60016.200000000026,optical,tde,secure,,,source=OTTER; TDE; mag_basis=OTTER optical photometry,,,OTTER optical photometry,False
otter,6576103,at2022dyt,AT 2022dyt,AT 2022dyt;ATLAS22jju;ZTF22aacgcwv,150.0334731,26.4606773,0.072,59636.23516200232,59669.95833333336,optical,tde,secure,,,source=OTTER; TDE; mag_basis=OTTER optical photometry,,,OTTER optical photometry,False
otter,6576105,gaia16aax,Gaia 16aax,Gaia 16aax,218.575,12.826944444444445,0.248,57413.0,,optical,tde,secure,SDSS J143418.47+491236.5,,source=OTTER; TDE; mag_basis=OTTER optical photometry (2020MNRAS.493..477C); mag_value=19.170; mag_band=g,19.17,g,OTTER optical photometry (2020MNRAS.493..477C),False
otter,6576107,at2023rvb,AT 2023rvb,AT 2023rvb;ZTF23abaujuy;ATLAS23spi,290.3022882,-22.6443337,0.0815,60191.168287002314,60207.15833333332,optical,tde,secure,,,source=OTTER; TDE; mag_basis=OTTER optical photometry,,,OTTER optical photometry,False
otter,6576109,j155223,J155223,J155223,238.09704166666666,32.58197222222223,0.1277,54982.0,,optical,tde,secure,SDSS J155223.29+323455.1,,source=OTTER; TDE; mag_basis=OTTER optical photometry,,,OTTER optical photometry,False
otter,6576113,at2020ddv,AT 2020ddv,AT 2020ddv;ATLAS20gee;ZTF20aamqmfk,149.639235374,46.911230491,0.16,58900.44699074074,58915.20659722222,optical,tde,secure,,,source=OTTER; TDE; mag_basis=OTTER optical photometry,,,OTTER optical photometry,False
otter,6576133,swj1644_57,Sw J1644+57,Sw J1644+57;GRB 110328A;Swift J1644+57;Swift J164449.3+573451,251.2080470833333,57.58324702777778,0.354,55648.54,,optical,tde,secure,Swift J164449.3+573451,,source=OTTER; TDE; mag_basis=OTTER optical photometry,,,OTTER optical photometry,False
otter,6576137,j133837,J133837,J133837,204.6566666666666,57.52033333333333,0.1269,55137.0,,optical,tde,secure,SDSS J133837.60+573113.2,,source=OTTER; TDE; mag_basis=OTTER optical photometry,,,OTTER optical photometry,False
otter,6576141,at2021zlg,AT 2021zlg,AT 2021zlg;Gaia21egv;PS1-10adi,310.6864166666666,15.508916666666666,0.203,55423.0,,optical,tde,secure,SDSS J204244.74+153032.1,,source=OTTER; TDE TDE TDE; mag_basis=OTTER optical photometry,,,OTTER optical photometry,False
otter,6576143,ps110jh,PS1-10jh,PS1-10jh,242.367817171123,53.6733308805967,0.1696,55332.0,55393.18749999996,optical,tde,secure,SDSS J160928.27+534023.9,,source=OTTER; TDE TDE; mag_basis=OTTER optical photometry,,,OTTER optical photometry,False
otter,6576149,at2017bcc,AT 2017bcc,AT 2017bcc;ZTF20aacbwbm;SN 2017bcc;PS17bgn,172.97078162,29.9957852105,0.133,57802.0,,optical,ant,likely,SDSS J113152.97+295944.8,,source=OTTER; TDE ANT SLSN-II; mag_basis=OTTER optical photometry (2024MNRAS.531.1905R); mag_value=16.690; mag_band=c,16.69,c,OTTER optical photometry (2024MNRAS.531.1905R),True
otter,6576159,wtp14adbwvs,WTP14adbwvs,WTP14adbwvs,198.748944,51.272774,0.02489,,,ir,tde,secure,,,source=OTTER; TDE; mag_basis=OTTER optical photometry,,,OTTER optical photometry,False
otter,6576163,at2016fnl,AT 2016fnl,AT 2016fnl;iPTF 16fnl,7.487666666666666,32.89375,0.0163,57626.0,57629.45019999998,optical,tde,secure,MRK 950,,source=OTTER; TDE; mag_basis=OTTER optical photometry (2017ApJ...844...46B); mag_value=17.170; mag_band=g,17.17,g,OTTER optical photometry (2017ApJ...844...46B),True
otter,6576173,at2020abri,AT 2020abri,AT 2020abri;ZTF20acvezvs;ATLAS20biig,202.3219798,19.6709745,0.178,59184.529050902776,59215.0,optical,tde,secure,,,source=OTTER; TDE; mag_basis=OTTER optical photometry,,,OTTER optical photometry,False
otter,6576193,ps111af,PS1-11af,PS1-11af,149.36175,3.23359,0.4046,55560.0,55581.710000000036,optical,tde,secure,SDSS J095726.82+031400.9,,source=OTTER; TDE; mag_basis=OTTER optical photometry,,,OTTER optical photometry,False
otter,6576198,at2020ksf,AT 2020ksf,AT 2020ksf;Gaia20cjk;ZTF20abgbdpr,323.863674,-18.27649,0.0942,58960.425,58969.54738425926,optical,tde,secure,,,source=OTTER; TDE; mag_basis=OTTER optical photometry,,,OTTER optical photometry,False
otter,6576208,at2022hvp,AT 2022hvp,AT 2022hvp;Gaia22clk;ZTF22aagyuao;ATLAS22mlo,148.688522,55.440389,0.112,59688.28005790509,59694.95833333332,optical,tde,secure,,,source=OTTER; TDE; mag_basis=OTTER optical photometry,,,OTTER optical photometry,False
otter,6576210,d313,D3-13,D3-13;GALEX-D3-13,214.874116942,52.868436516,0.3698,53019.0,53019.639999999985,uv,tde,secure,GALEX J141929.8+525206,,source=OTTER; TDE; mag_basis=OTTER optical photometry,,,OTTER optical photometry,False
otter,6576212,at2022lri,AT 2022lri,AT 2022lri;ZTF22abajudi;ATLAS22pnz;PS22hiq,35.033383,-22.720902,0.03275,59731.15674,59822.958333333365,optical,tde,secure,,,source=OTTER; TDE; mag_basis=OTTER optical photometry,,,OTTER optical photometry,False
otter,6576216,at2019bhf,AT 2019bhf,AT 2019bhf;ZTF19aakswrb,227.316564,16.23959,0.1206,58526.545,58543.39969907406,optical,tde,secure,,,source=OTTER; TDE; mag_basis=OTTER optical photometry,,,OTTER optical photometry,False
otter,6576218,at2022agi,AT 2022agi,AT 2022agi;Gaia22ahd;CSS:010250.0-222157;F01004-2237;SSS:010250.0-222157,15.708362500000002,-22.365894444444447,0.117835,55372.0,,optical,tde,secure,IRAS F01004-2237,,source=OTTER; TDE; mag_basis=OTTER optical photometry,,,OTTER optical photometry,False
otter,6576220,at2018hyz,AT 2018hyz,AT 2018hyz;ATLAS18bafs;ZTF18acpdvos;ASASSN-18zj,151.71202,1.692754,0.0457266,58405.0,58428.99999999996,optical,tde,secure,,,source=OTTER; TDE; mag_basis=OTTER optical photometry,,,OTTER optical photometry,False
otter,6576224,at2019lwu,AT 2019lwu,AT 2019lwu;ATLAS19rnz;ZTF19abidbya;PS19ega,347.80127251,-1.003004502,0.117,58688.41799768519,58691.35649999999,optical,tde,secure,,,source=OTTER; TDE; mag_basis=OTTER optical photometry,,,OTTER optical photometry,False
otter,6576226,at2022gri,AT 2022gri,AT 2022gri;ZTF20aahmtso;ATLAS23doq;PS22nfs,109.5866428,33.9948531,0.028,59672.157,59760.95833333336,optical,tde,secure,,,source=OTTER; TDE; mag_basis=OTTER optical photometry,,,OTTER optical photometry,False
otter,6576228,at2019mha,AT 2019mha,AT 2019mha;ZTF19abhejal;ATLAS19qqu,244.115776678,56.43232034,0.148,58694.32399305556,58703.803000000014,optical,tde,secure,,,source=OTTER; TDE; mag_basis=OTTER optical photometry,,,OTTER optical photometry,False
otter,6576230,at2020opy,AT 2020opy,AT 2020opy;PS20fxm;ZTF20abjwvae,239.107203,23.37241,0.159,59038.23199999984,59089.15443287036,optical,tde,secure,WISEA J155625.72+232220.8,,source=OTTER; TDE; mag_basis=OTTER optical photometry (2023ApJS..266....9A); mag_value=18.879; mag_band=ztf.r,18.879,ztf.r,OTTER optical photometry (2023ApJS..266....9A),False
otter,6576240,at2018dyk,AT 2018dyk,AT 2018dyk;ZTF18aajupnt;WTP18aamced,233.283417,44.535533,0.03672,58269.31,,optical,tde,secure,,,source=OTTER; TDE AGN; mag_basis=OTTER optical photometry (2022ApJ...933..196H); mag_value=16.720; mag_band=r,16.72,r,OTTER optical photometry (2022ApJ...933..196H),True
otter,6576248,tde1,TDE1,TDE1;SDSS-TDE1,355.50585833333326,1.108138888888889,0.136,53974.0,53973.95833333336,optical,tde,secure,SDSS J234201.40+010629.2,,source=OTTER; TDE; mag_basis=OTTER optical photometry (2011ApJ...741...73V); mag_value=20.483; mag_band=g,20.4829,g,OTTER optical photometry (2011ApJ...741...73V),False
otter,6576252,tde2,TDE2,TDE2;SDSS-TDE2,350.95256249999994,-1.1362055555555555,0.2515,54269.0,54266.95833333332,optical,tde,secure,SDSS J232348.61-010810.3,,source=OTTER; TDE; mag_basis=OTTER optical photometry (2011ApJ...741...73V); mag_value=19.260; mag_band=C,19.26,C,OTTER optical photometry (2011ApJ...741...73V),False
otter,6576254,d23h1,D23H-1,D23H-1;GALEX-D23H-1,352.99806,0.28738,0.1855,54347.0,54368.98300000004,optical,tde,secure,SDSS J233159.53+001714.5,,source=OTTER; TDE; mag_basis=OTTER optical photometry,,,OTTER optical photometry,False
otter,6576258,at2019dsg,AT 2019dsg,AT 2019dsg;ATLAS19klx;ZTF19aapreis,314.26237499999996,14.204405555555555,0.0512,58582.0,58603.86600000004,optical,tde,secure,WISEA J205702.96+141216.2,,source=OTTER; TDE; mag_basis=OTTER optical photometry,,,OTTER optical photometry,False
otter,6576260,j091225,J091225,J091225,138.10420833333333,6.170777777777778,0.1453,54871.0,,optical,tde,secure,SDSS J091225.01+061014.8,,source=OTTER; TDE; mag_basis=OTTER optical photometry,,,OTTER optical photometry,False
otter,6576262,j133737,J133737,J133737,204.40470833333333,20.397694444444443,0.0725,54933.0,,optical,tde,secure,SDSS J133737.13+202351.7,,source=OTTER; TDE; mag_basis=OTTER optical photometry,,,OTTER optical photometry,False
otter,6576272,at2017eqx,AT 2017eqx,AT 2017eqx;PS17dhz,336.701543422,17.1478884031,0.1089,57905.0,57912.22750000004,optical,tde,secure,SDSS J222648.38+170852.2,,source=OTTER; TDE; mag_basis=OTTER optical photometry (2019MNRAS.488.1878N); mag_value=20.470; mag_band=g,20.47,g,OTTER optical photometry (2019MNRAS.488.1878N),False
otter,6576274,at2016ezh,AT 2016ezh,AT 2016ezh;CSS160902:015805-005222;PS16dtm (2016ezh);SN2016ezh;PS16dtm,29.520833333333332,-0.8727777777777778,0.0804,57626.0,,optical,tde,secure,SDSS J015804.75-005221.8,,source=OTTER; TDE; mag_basis=OTTER optical photometry,,,OTTER optical photometry,False
otter,6576276,at2021uvz,AT 2021uvz,AT 2021uvz;ZTF21abmwftm;ATLAS21bdzu,263.2105074,33.0328295,0.176,59407.261,59424.95833333334,optical,tde,secure,,,source=OTTER; TDE; mag_basis=OTTER optical photometry,,,OTTER optical photometry,False
otter,6576284,at2018lni,AT 2018lni,AT 2018lni;ZTF18actaqdw,62.406884,73.894905,0.138,58450.37,58466.917999999976,optical,tde,secure,,,source=OTTER; TDE; mag_basis=OTTER optical photometry,,,OTTER optical photometry,False
otter,6576288,gaia16ajq,Gaia 16ajq,Gaia 16ajq;GNTJ145301.70+422127.82,223.2583333333333,42.35777777777778,0.28,57476.0,,optical,tde,secure,SDSS J145301.70+422127.8,,source=OTTER; TDE; mag_basis=OTTER optical photometry,,,OTTER optical photometry,False
otter,6576290,at2022rz,AT 2022rz,AT 2022rz;ZTF22aaaedas;ATLAS22bqy,234.4900152,56.2716191,0.107,59592.602,59600.000000000044,optical,tde,secure,,,source=OTTER; TDE; mag_basis=OTTER optical photometry,,,OTTER optical photometry,False
otter,6576298,j123715,J123715,J123715,189.31291666666664,60.20194444444445,0.2164,55219.0,,optical,tde,secure,SDSS J123715.10+601207.0,,source=OTTER; TDE; mag_basis=OTTER optical photometry,,,OTTER optical photometry,False
otter,6576302,at2021uqv,AT 2021uqv,AT 2021uqv;ZTF21abqhkjd;ATLAS21beiz;Gaia21drx,8.1661537,22.5489318,0.106,59424.43628469908,59449.95833333332,optical,tde,secure,,,source=OTTER; TDE; mag_basis=OTTER optical photometry,,,OTTER optical photometry,False
otter,6576304,at2022dsb,AT 2022dsb,AT 2022dsb;ATLAS22iav;ASASSN-22cs;ZTF22aadghqe,235.5906326,-22.6705799,0.023,59639.56998842592,59640.00000000004,optical,tde,secure,,,source=OTTER; TDE; mag_basis=OTTER optical photometry,,,OTTER optical photometry,False
otter,6576306,at2019azh,AT 2019azh,AT 2019azh;Gaia19bvo;ZTF17aaazdba;ASASSN-19dj;ZTF18achzddr;VT J0813,123.320626546,22.6483015,0.022,58536.0,58566.23109953705,optical,tde,secure,KUG 0810+227,,source=OTTER; TDE; mag_basis=OTTER optical photometry,,,OTTER optical photometry,False
otter,6576308,at2019cho,AT 2019cho,AT 2019cho;ZTF19aakiwze,193.788374,49.519424,0.193,58526.51965277778,58546.267291666656,optical,tde,secure,,,source=OTTER; TDE; mag_basis=OTTER optical photometry,,,OTTER optical photometry,False
otter,6576310,at2021mhg,AT 2021mhg,AT 2021mhg;ZTF21abaxaqq;ATLAS21qbq;Gaia21cwh;ATLAS21wwe,4.9287229,29.3168651,0.073,59345.48390049768,59368.958333333336,optical,tde,secure,,,source=OTTER; TDE; mag_basis=OTTER optical photometry,,,OTTER optical photometry,False
otter,6576316,at2018iih,AT 2018iih,AT 2018iih;Gaia18dpo;ATLAS18yzs;ZTF18acaqdaa,262.016347739,30.692086894,0.212,58431.19599537037,58461.09348350004,optical,tde,secure,,,source=OTTER; TDE; mag_basis=OTTER optical photometry,,,OTTER optical photometry,False
otter,6576320,j130819,J130819,J130819,197.0796666666666,43.75711111111111,0.0365,54935.0,,optical,tde,secure,SDSS J130819.12+434525.6,,source=OTTER; TDE; mag_basis=OTTER optical photometry,,,OTTER optical photometry,False
otter,6576324,at2018hco,AT 2018hco,AT 2018hco;ATLAS18way;ZTF18abxftqm,16.890125627,23.476176295,0.088,58395.52,58404.028499999986,optical,tde,secure,,,source=OTTER; TDE; mag_basis=OTTER optical photometry,,,OTTER optical photometry,False
otter,6576326,at2022bdw,AT 2022bdw,AT 2022bdw;ZTF22aaahtqz;Gaia22baj;ATLAS22dth;PS22avi,126.2932291,18.5826314,0.0378,59610.401,59626.99999999998,optical,tde,secure,,,source=OTTER; TDE; mag_basis=OTTER optical photometry,,,OTTER optical photometry,False
otter,6576328,at2021jsg,AT 2021jsg,AT 2021jsg;ZTF21aaeoitd,167.1529779,30.7612734,0.126,59221.47831,59254.000000000015,optical,tde,secure,,,source=OTTER; TDE; mag_basis=OTTER optical photometry,,,OTTER optical photometry,False
otter,6576332,wtp17aanbso,WTP17aanbso,WTP17aanbso,180.909755,58.986509,0.04692,,,ir,tde,secure,,,source=OTTER; TDE; mag_basis=OTTER optical photometry,,,OTTER optical photometry,False
otter,6576336,at2020neh,AT 2020neh,AT 2020neh;Gaia20cxg;PS20elo;ATLAS20qkz;ZTF20abgwfek,230.333676543,14.069590814,0.062,59019.25472,59033.95833333332,optical,tde,secure,WISEA J152120.08+140410.6,,source=OTTER; TDE; mag_basis=OTTER optical photometry (2023ApJS..266....9A); mag_value=17.771; mag_band=ztf.r,17.771,ztf.r,OTTER optical photometry (2023ApJS..266....9A),False
otter,6576340,at2018gn,AT 2018gn,AT 2018gn;Gaia18apd;ASASSN-18ap;ATLAS18ean;WTP18aampwj,26.676815,32.508168,0.0375,58132.11,,optical,tde,secure,,,source=OTTER; TDE SN II; mag_basis=OTTER optical photometry,,,OTTER optical photometry,False
otter,6576346,at2020ysg,AT 2020ysg,AT 2020ysg;PS21cru;ZTF20abnorit;ATLAS20bjqp,171.35844,27.440599,0.277,59150.51602,59138.95833333332,optical,tde,secure,,,source=OTTER; TDE; mag_basis=OTTER optical photometry,,,OTTER optical photometry,False
otter,6576350,at2020mbq,AT 2020mbq,AT 2020mbq;PS20grv;ATLAS20pfz;ZTF20abefeab,235.063589,25.001341,0.093,59009.25196760417,59019.25012731484,optical,tde,secure,,,source=OTTER; TDE; mag_basis=OTTER optical photometry,,,OTTER optical photometry,False
otter,6576352,ogle16aaa,OGLE16aaa,OGLE16aaa,16.836506,-64.272346,0.1655,57373.0,57413.039999999964,optical,tde,secure,GALEX J010720.81-641621.4,,source=OTTER; TDE; mag_basis=OTTER optical photometry,,,OTTER optical photometry,False
otter,6576372,at2024tvd,AT 2024tvd,AT 2024tvd,257.677437,28.83753,0.044938,60547.17100000009,,TNS,tde,secure,,,source=OTTER; TDE; mag_basis=OTTER optical photometry,,,OTTER optical photometry,False
otter,6576376,asassn15lh,ASASSN-15lh,ASASSN-15lh,330.5645416666666,-61.65933333333333,0.2326,57187.0,57189.294,ASAS-SN,tde,secure,APMUKS (BJ) B215839.70-615403.9,,source=OTTER; SLSN TDE TDE TDE; mag_basis=OTTER optical photometry,,,OTTER optical photometry,False
otter,6576378,css100217,CSS100217,CSS100217;CSS100217:102913+404220,157.30416666666662,40.705555555555556,0.147,52639.0,,optical,tde,secure,SDSS J102912.58+404219.7,,source=OTTER; TDE TDE SN; mag_basis=OTTER optical photometry (2011ApJ...735..106D); mag_value=16.260; mag_band=r,16.26,r,OTTER optical photometry (2011ApJ...735..106D),True
otter,6576380,at2022upj,AT 2022upj,AT 2022upj,5.986858,-14.423117,0.054,59822.378000000026,,optical,tde,secure,,,source=OTTER; TDE; mag_basis=OTTER optical photometry (2024ApJ...977..258N); mag_value=17.998; mag_band=g,17.998,g,OTTER optical photometry (2024ApJ...977..258N),False
otter,6576382,at2023lli,AT 2023lli,AT 2023lli,344.414458,40.54445,0.036,60118.09299999988,,optical,tde,secure,,,source=OTTER; TDE; mag_basis=OTTER optical photometry (2024ApJ...964L..22H); mag_value=17.273; mag_band=g,17.273,g,OTTER optical photometry (2024ApJ...964L..22H),True
otter,6576384,at2018bsi,AT 2018bsi,AT 2018bsi;ZTF18aahqkbt,123.860974754,45.592225495,0.051,58217.21199074074,58224.958333333365,optical,tde,secure,,,source=OTTER; TDE; mag_basis=OTTER optical photometry,,,OTTER optical photometry,False
otter,6576386,at2020nov,AT 2020nov,AT 2020nov;PS20ggg;Gaia20duz;ZTF20abisysx;ATLAS20vfv,254.55404166666662,2.1175111111111113,0.084,59027.232557905096,,optical,tde,secure,WISEA J165812.98+020703.0,,source=OTTER; TDE; mag_basis=OTTER optical photometry (2023ApJS..266....9A); mag_value=17.518; mag_band=ztf.r,17.518,ztf.r,OTTER optical photometry (2023ApJS..266....9A),False
otter,6576388,at2020wey,AT 2020wey,AT 2020wey;Gaia20fck;ZTF20acitpfz;ATLAS20belb,136.357958,61.802538,0.02741,59130.49269,59150.00000000002,optical,tde,secure,,,source=OTTER; TDE; mag_basis=OTTER optical photometry,,,OTTER optical photometry,False
otter,6576392,at2020mot,AT 2020mot,AT 2020mot;Gaia20ead;ZTF20abfcszi,7.806617,85.008879,0.07,59014.39380790509,59066.337523148126,optical,tde,secure,,,source=OTTER; TDE; mag_basis=OTTER optical photometry,,,OTTER optical photometry,False
otter,6576394,at2020pj,AT 2020pj,AT 2020pj;ZTF20aabqihu;ATLAS20cab,232.895698316,33.094911147,0.068,58850.50952546296,58861.490000000034,optical,tde,secure,,,source=OTTER; TDE; mag_basis=OTTER optical photometry,,,OTTER optical photometry,False
otter,6576398,at2018dyb,AT 2018dyb,AT 2018dyb;ASASSN-18pg,242.745322,-60.923441,0.018,58310.23,58346.72350000002,optical,tde,secure,,,source=OTTER; TDE; mag_basis=OTTER optical photometry,,,OTTER optical photometry,False
otter,6988698,at2018zr,AT 2018zr,AT 2018zr;ATLAS18nej;AT2018zr (PS18kh);ZTF18aabtxvd;PS18kh,119.227287,34.262119,0.071,58183.0,58204.95833333332,optical,tde,secure,SDSS J075654.53+341543.6,,source=OTTER; TDE; mag_basis=OTTER optical photometry (2018arXiv180902608V); mag_value=17.590; mag_band=r,17.59,r,OTTER optical photometry (2018arXiv180902608V),False
otter,7015447,at2023clx,AT 2023clx,AT 2023clx;ZTF18aabkvpi;ASASSN-23bd,175.039179,15.327375,0.01107,59997.21,60001.000000000015,optical,tde,secure,,,source=OTTER; TDE; mag_basis=OTTER optical photometry (2024A&A...689A.350C); mag_value=15.370; mag_band=g,15.37,g,OTTER optical photometry (2024A&A...689A.350C),True
otter,9542074,asassn15lh,ASASSN-15lh,ASASSN-15lh;SN2015L,330.56399999999996,-61.6596,0.2326,57187.0,,optical,tde,secure,,,source=OTTER; SN TDE SLSN-I; mag_basis=OTTER optical photometry,,,OTTER optical photometry,False
otter,9543100,at2016ezh,AT 2016ezh,AT 2016ezh;SN2016ezh;CSS160902:015805-005222;PS16dtm,29.51975,-0.8726944444444444,0.08,57612.0,,optical,tde,secure,,,source=OTTER; SN TDE SN II SLSN-II; mag_basis=OTTER optical photometry,,,OTTER optical photometry,False
otter,6576300,ptf09axc,PTF09axc,PTF09axc,223.30441666666664,22.24227777777778,0.1146,55002.0,55023.62500000004,optical,tde,secure,SDSS J145313.07+221432.2,,source=OTTER; TDE TDE SN II; mag_basis=OTTER optical photometry,,,OTTER optical photometry,False
otter,6576123,ptf09djl,PTF09djl,PTF09djl,248.4830833333333,30.237861111111112,0.184,55036.0,55049.17500000001,optical,tde,secure,SDSS J163355.97+301416.6,,source=OTTER; TDE SN II; mag_basis=OTTER optical photometry,,,OTTER optical photometry,False
otter,6575850,j121116,J121116,J121116,182.818625,0.22925,0.0763,54955.0,,optical,tde,secure,SDSS J121116.47+001345.3,,source=OTTER; TDE; mag_basis=OTTER optical photometry,,,OTTER optical photometry,False
otter,6575852,at2021nwa,AT 2021nwa,AT 2021nwa;ZTF21abcgnqn;ATLAS21sjl,238.463623211,55.5888408,0.047,59345.38744,59399.9583333333,optical,tde,secure,,,source=OTTER; TDE; mag_basis=OTTER optical photometry,,,OTTER optical photometry,False
otter,6575858,wtp17aaldjb,WTP17aaldjb,WTP17aaldjb,197.064964,4.485906,0.04832,,,ir,tde,secure,,,source=OTTER; TDE; mag_basis=OTTER optical photometry,,,OTTER optical photometry,False
otter,6575860,at2019ahk,AT 2019ahk,AT 2019ahk;ASASSN-19bt,105.047461,-66.040214,0.0262,58512.91,58544.00599999995,optical,tde,secure,,,source=OTTER; TDE; mag_basis=OTTER optical photometry,,,OTTER optical photometry,False
otter,6575862,wtp16aatsnw,WTP16aatsnw,WTP16aatsnw,254.844458,20.8298,0.04513,,,ir,tde,secure,,,source=OTTER; TDE; mag_basis=OTTER optical photometry,,,OTTER optical photometry,False
otter,6575873,at2020vdq,AT 2020vdq,AT 2020vdq;Gaia20esn;ZTF20acaazkt;VT J1008,152.22267081,42.71672845,0.044,59126.49162,59113.048321759234,optical,tde,secure,,,source=OTTER; TDE; mag_basis=OTTER optical photometry,,,OTTER optical photometry,False
otter,6575875,at2021ack,AT 2021ack,AT 2021ack;ZTF20acyydkh;ATLAS21blz,208.2916185,9.7403742,0.133,59226.62,59225.00000000002,optical,tde,secure,,,source=OTTER; TDE; mag_basis=OTTER optical photometry,,,OTTER optical photometry,False
otter,6575879,iptf16axa,iPTF16axa,iPTF16axa,255.89316666666664,30.593555555555554,0.108,57537.0,57523.41999999996,optical,tde,secure,SDSS J170334.34+303536.6,,source=OTTER; TDE; mag_basis=OTTER optical photometry,,,OTTER optical photometry,False
otter,6575881,at2018jbv,AT 2018jbv,AT 2018jbv;ZTF18acnbpmd;ATLAS19acl;PS19aoz,197.689794,8.567834,0.34,58448.562997685185,58468.34150000003,optical,tde,secure,,,source=OTTER; TDE; mag_basis=OTTER optical photometry,,,OTTER optical photometry,False
otter,6575885,j141036,J141036,J141036,212.65337499999995,26.90694444444444,0.1071,54945.0,,optical,tde,secure,SDSS J141036.81+265425.0,,source=OTTER; TDE; mag_basis=OTTER optical photometry,,,OTTER optical photometry,False
otter,6575889,at2021utq,AT 2021utq,AT 2021utq;Gaia21eqh;ATLAS21bgtn;ZTF21abqtckk,229.621337,73.358726,0.127,59427.28253469907,59454.95833333332,optical,tde,secure,,,source=OTTER; TDE; mag_basis=OTTER optical photometry,,,OTTER optical photometry,False
otter,6575895,at2021lo,AT 2021lo,AT 2021lo;ATLAS21dma;ZTF21aabiipy,46.109744,4.7456769,0.152,59218.17627310185,59256.99999999996,optical,tde,secure,,,source=OTTER; TDE; mag_basis=OTTER optical photometry,,,OTTER optical photometry,False
otter,6575897,at2019eve,AT 2019eve,AT 2019eve;ZTF19aatylnl;Gaia19bti;ATLAS19kfv,172.206932,15.672884,0.0813,58608.233935185184,58614.52400000003,optical,tde,secure,,,source=OTTER; TDE; mag_basis=OTTER optical photometry,,,OTTER optical photometry,False
otter,6575899,at2022mim,AT 2022mim,AT 2022mim;WTP14abnpgk,251.477888,-23.451942,0.02035,,,optical,tde,secure,,,source=OTTER; TDE; mag_basis=OTTER optical photometry,,,OTTER optical photometry,False
otter,6575901,at2019teq,AT 2019teq,AT 2019teq;ZTF19accmaxo,284.772883,47.518226,0.0874,58776.11638888889,58794.13209490739,optical,tde,secure,,,source=OTTER; TDE; mag_basis=OTTER optical photometry,,,OTTER optical photometry,False
otter,6575907,j030257,J030257,J030257,45.73808333333333,-8.495249999999999,0.1056,55143.0,,optical,tde,secure,SDSS J030257.14-082942.6,,source=OTTER; TDE; mag_basis=OTTER optical photometry,,,OTTER optical photometry,False
otter,6575909,j142401,J142401,J142401,216.00691666666665,29.84122222222222,0.0855,54947.0,,optical,tde,secure,SDSS J142401.66+295028.4,,source=OTTER; TDE; mag_basis=OTTER optical photometry,,,OTTER optical photometry,False
otter,6575913,at2022dbl,AT 2022dbl,AT 2022dbl;ATLAS18bcnl;PS22cdn;Gaia22bdt;2018mac;ZTF18aabdajx;ASASSN-22ci,185.1878251,49.5512224,0.0284,58254.20157,59637.0,optical,tde,secure,,,source=OTTER; TDE; mag_basis=OTTER optical photometry,,,OTTER optical photometry,False
otter,6575917,at2019pqt,AT 2019pqt,AT 2019pqt;Gaia19dya;MAXI J1807+132,272.03145416666666,13.2515,,57827.0,,optical,tde_candidate,likely,,,source=OTTER; TDE; mag_basis=OTTER optical photometry,,,OTTER optical photometry,False
otter,6575921,at2024qab,AT 2024qab,AT 2024qab;GOTO24dts;ZTF24aatxshz;ATLAS24lsw;AT2023qab,273.5258,36.2499152,0.1398,60476.37518519676,60518.958333333365,optical,tde,secure,,,source=OTTER; TDE; mag_basis=OTTER optical photometry,,,OTTER optical photometry,False
otter,6575923,j113527,J113527,J113527,173.86370833333334,39.46963888888889,0.1084,54928.0,,optical,tde,secure,SDSS J113527.29+392810.7,,source=OTTER; TDE; mag_basis=OTTER optical photometry,,,OTTER optical photometry,False
otter,6575927,at2021qxv,AT 2021qxv,AT 2021qxv;PS21grp,229.74708333333334,-3.1958333333333333,0.183,59344.452,,optical,tde,secure,WISEA J151859.45-031145.6,,source=OTTER; TDE; mag_basis=OTTER optical photometry (2023ApJS..266....9A); mag_value=19.731; mag_band=ztf.g,19.731,ztf.g,OTTER optical photometry (2023ApJS..266....9A),False
otter,6575929,at2021jjm,AT 2021jjm,AT 2021jjm;ATLAS21mwd;PS21fhy;ZTF21aauuybx,219.877775,-27.8585158,0.153,59312.41996530093,59321.95833333336,optical,tde,secure,,,source=OTTER; TDE; mag_basis=OTTER optical photometry,,,OTTER optical photometry,False
otter,6575937,at2021sdu,AT 2021sdu,AT 2021sdu;ATLAS21bbpg;ZTF21abjrysr,17.849369,50.5749192,0.059,59400.40732640046,59413.95833333334,optical,tde,secure,,,source=OTTER; TDE; mag_basis=OTTER optical photometry,,,OTTER optical photometry,False
otter,6575939,at2020acka,AT 2020acka,AT 2020acka;ATLAS21cuo;ZTF20acwytxn,238.7581163,16.3045387,0.338,59194.55357640046,59215.0,optical,tde,secure,,,source=OTTER; TDE; mag_basis=OTTER optical photometry,,,OTTER optical photometry,False
otter,6575943,at2021yte,AT 2021yte,AT 2021yte;ZTF21acafvhf,103.7697222,12.6342157,0.053,59469.47592590278,59479.9583333333,optical,tde,secure,,,source=OTTER; TDE; mag_basis=OTTER optical photometry,,,OTTER optical photometry,False
otter,6575947,at2020zso,AT 2020zso,AT 2020zso;Gaia20fqa;ZTF20acqoiyt;ATLAS20bfok,335.571358,-7.266372,0.0565,59165.15005790509,59192.186990740716,optical,tde,secure,,,source=OTTER; TDE; mag_basis=OTTER optical photometry,,,OTTER optical photometry,False
otter,6575949,at2020riz,AT 2020riz,AT 2020riz;ZTF20abrnwfc;PS20jop,32.628146,9.074104,0.434,59061.46774305555,59079.95833333336,optical,tde,secure,,,source=OTTER; TDE; mag_basis=OTTER optical photometry,,,OTTER optical photometry,False
otter,6575951,j145851,J145851,J145851,224.7152083333333,17.849416666666666,0.1165,54950.0,,optical,tde,secure,SDSS J145851.65+175057.9,,source=OTTER; TDE; mag_basis=OTTER optical photometry,,,OTTER optical photometry,False
otter,6575953,at2019ehz,AT 2019ehz,AT 2019ehz;Gaia19bpt;ZTF19aarioci,212.424617,55.49105,0.074,58602.28498842593,58612.36413194444,optical,tde,secure,,,source=OTTER; TDE; mag_basis=OTTER optical photometry,,,OTTER optical photometry,False
otter,6575968,at2023mhs,AT 2023mhs,AT 2023mhs;ATLAS23njv;ZTF23aaqdjhi,205.815338,19.2502509,0.0482,60125.300034699074,60133.95833333332,optical,tde,secure,,,source=OTTER; TDE; mag_basis=OTTER optical photometry,,,OTTER optical photometry,False
otter,6575970,sdssj1342,SDSSJ1342,SDSSJ1342;J134244,205.68504166666662,5.515611111111111,0.0366,54968.0,,xray,tde,secure,SDSS J134244.41+053056.1,,source=OTTER; TDE; mag_basis=OTTER optical photometry,,,OTTER optical photometry,False
otter,6575972,at2019vcb,AT 2019vcb,AT 2019vcb;ATLAS19bcyz;Gaia19feb;ZTF19acspeuw,189.734925821,33.165893097,0.088,58802.551620370374,58828.550995370344,optical,tde,secure,,,source=OTTER; TDE; mag_basis=OTTER optical photometry,,,OTTER optical photometry,False
otter,6575978,swiftj2058_4_0516,Swift J2058.4+0516,Swift J2058.4+0516;Swift J2058+05;Sw J2058+05,314.5829166666666,5.225555555555555,1.1853,55708.0,,xray,tde,secure,Swift J205819.7+051329,,source=OTTER; TDE; mag_basis=OTTER optical photometry (2012ApJ...753...77C); mag_value=22.400; mag_band=g',22.4,g',OTTER optical photometry (2012ApJ...753...77C),False
otter,6575982,at2021crk,AT 2021crk,AT 2021crk;ATLAS21hdc;ZTF21aakfqwq;PS21cpw,176.2787808,18.5403678,0.155,59252.48956019676,59273.99999999998,optical,tde,secure,,,source=OTTER; TDE; mag_basis=OTTER optical photometry,,,OTTER optical photometry,False
otter,6575984,at2022pna,AT 2022pna,AT 2022pna;ZTF22aavvqyh;ATLAS22wax;Gaia22dgl,25.48146,-3.289589,0.095,59784.5985,59795.95833333334,optical,tde,secure,,,source=OTTER; TDE; mag_basis=OTTER optical photometry,,,OTTER optical photometry,False
otter,6575988,at2021ehb,AT 2021ehb,AT 2021ehb;ATLAS21jdy;ZTF21aanxhjv,46.9492777,40.3112356,0.017,59274.143090300924,59310.95833333334,optical,tde,secure,WISEA J030747.82+401840.9,,source=OTTER; TDE; mag_basis=OTTER optical photometry (2023ApJS..266....9A); mag_value=17.421; mag_band=ztf.r,17.421,ztf.r,OTTER optical photometry (2023ApJS..266....9A),True
otter,6575990,at2022wtn,AT 2022wtn,AT 2022wtn;ATLAS22bikj;ZTF22abkfhua;PS22jwq,350.849102,10.685503,0.0491,59854.255,59881.958333333336,optical,tde,secure,,,source=OTTER; TDE; mag_basis=OTTER optical photometry,,,OTTER optical photometry,False
otter,6575992,at2020yue,AT 2020yue,AT 2020yue;ZTF20acnznms,165.0014032,21.1127647,0.204,59156.49736,59195.99999999998,optical,tde,secure,,,source=OTTER; TDE; mag_basis=OTTER optical photometry,,,OTTER optical photometry,False
otter,6575994,at2021axu,AT 2021axu,AT 2021axu;ZTF21aaaokyp;ATLAS21bsh;PS21csc,176.6515352,30.0854544,0.19,59231.512,59248.00000000002,optical,tde,secure,,,source=OTTER; TDE; mag_basis=OTTER optical photometry,,,OTTER optical photometry,False
otter,6575996,at2018fyk,AT 2018fyk,AT 2018fyk;Gaia18cyc;ASASSN-18ul,342.567048071,-44.8648617073,0.059,58369.0,58317.53833333329,optical,tde,secure,LCRS B224721.6-450748,,source=OTTER; TDE; mag_basis=OTTER optical photometry,,,OTTER optical photometry,False
otter,6576000,ptf09ge,PTF09ge,PTF09ge;K0905-001,224.26291666666665,49.611333333333334,0.064,54958.0,54992.41749999999,optical,tde,secure,SDSS J145703.17+493640.9,,source=OTTER; TDE; mag_basis=OTTER optical photometry,,,OTTER optical photometry,False
otter,6576002,at2022cmc,AT 2022cmc,AT 2022cmc;ZTF22aaajecp,203.68002916666663,33.216816666666666,1.19325,59621.445999999996,,optical,tde,secure,,,source=OTTER; TDE; mag_basis=OTTER optical photometry (2022Natur.612..430A); mag_value=19.080; mag_band=r',19.08,r',OTTER optical photometry (2022Natur.612..430A),False
otter,6576008,at2019meg,AT 2019meg,AT 2019meg;ZTF19abhhjcc;Gaia19dhd,281.317497,44.438606,0.152,58692.72199074074,58696.39349999996,optical,tde,secure,,,source=OTTER; TDE; mag_basis=OTTER optical photometry,,,OTTER optical photometry,False
otter,6576018,at2023mfm,AT 2023mfm,AT 2023mfm;PS23fqo;ZTF23aapyidj,324.366491,-4.345282,0.087,60123.399,60151.95833333331,optical,tde,secure,,,source=OTTER; TDE; mag_basis=OTTER optical photometry,,,OTTER optical photometry,False
otter,6576020,at2021gje,AT 2021gje,AT 2021gje;ZTF21aapvvtb;ATLAS21kpm,252.5305188,34.8188083,0.358,59291.489282395836,59305.958333333336,optical,tde,secure,,,source=OTTER; TDE; mag_basis=OTTER optical photometry,,,OTTER optical photometry,False
otter,6576022,d19,D1-9,D1-9;GALEX-D1-9,36.3207079589067,-4.54975942524,0.326,53178.0,53232.652000000024,optical,tde,secure,WISEA J022517.01-043259.1,,source=OTTER; TDE; mag_basis=OTTER optical photometry,,,OTTER optical photometry,False
otter,6576032,at2020ocn,AT 2020ocn,AT 2020ocn;ZTF18aakelin,208.474171123,53.997147482,0.0705,58968.0,58986.40042824074,optical,tde,secure,SDSS J135353.80+535949.7,,source=OTTER; TDE; mag_basis=OTTER optical photometry,,,OTTER optical photometry,False
otter,6576034,at2019cmw,AT 2019cmw,AT 2019cmw;ZTF19aaniqrr;PS19cws;ATLAS19kel,282.164495,51.013537,0.5167,58567.51133101852,58581.89299999999,optical,tde,secure,,,source=OTTER; TDE; mag_basis=OTTER optical photometry,,,OTTER optical photometry,False
otter,6576036,wtp15acbgpn,WTP15acbgpn,WTP15acbgpn,166.258054,59.684626,0.03369,,,ir,tde,secure,,,source=OTTER; TDE; mag_basis=OTTER optical photometry,,,OTTER optical photometry,False
otter,6576073,at2021yzv,AT 2021yzv,AT 2021yzv;ZTF21abxngcz,105.2775159,40.8251553,0.286,59442.501,59479.9583333333,optical,tde,secure,,,source=OTTER; TDE; mag_basis=OTTER optical photometry,,,OTTER optical photometry,False
otter,6576075,at2018lna,AT 2018lna,AT 2018lna;ZTF19aabbnzo,105.827704,23.029083,0.091,58480.28498842593,58508.455,optical,tde,secure,,,source=OTTER; TDE; mag_basis=OTTER optical photometry,,,OTTER optical photometry,False
otter,6576081,j100933,J100933,J100933,152.3880833333333,23.382166666666667,0.0719,54882.0,,optical,tde,secure,SDSS J100933.14+232255.8,,source=OTTER; TDE; mag_basis=OTTER optical photometry,,,OTTER optical photometry,False
otter,6575877,cnssj0019_00,CNSS J0019+00,CNSS J0019+00,4.947229324999999,0.5907806111111111,0.018,57102.0,,radio,tde,secure,,,source=OTTER; TDE; mag_basis=OTTER optical photometry,,,OTTER optical photometry,False
otter,6576115,wtp15acbuuv,WTP15acbuuv,WTP15acbuuv,154.672586,-13.001884,0.03059,,,ir,tde,secure,,,source=OTTER; TDE; mag_basis=OTTER optical photometry,,,OTTER optical photometry,False
otter,6576117,wtp16aaqrcr,WTP16aaqrcr,WTP16aaqrcr,280.829573,-62.112048,0.01509,,,ir,tde,secure,,,source=OTTER; TDE; mag_basis=OTTER optical photometry,,,OTTER optical photometry,False
otter,6576238,wtp17aalzpx,WTP17aalzpx,WTP17aalzpx,50.856858,-2.046782,0.03725,,,ir,tde,secure,,,source=OTTER; TDE; mag_basis=OTTER optical photometry,,,OTTER optical photometry,False
otter,6575905,wtp14adbjsh,WTP14adbjsh,WTP14adbjsh,342.953459,-20.608018,0.0106,,,ir,tde,secure,,,source=OTTER; TDE; mag_basis=OTTER optical photometry,,,OTTER optical photometry,False
otter,6575945,wtp14adeqka,WTP14adeqka,WTP14adeqka,297.353597,63.509271,0.01895,,,ir,tde,secure,,,source=OTTER; TDE; mag_basis=OTTER optical photometry,,,OTTER optical photometry,False
otter,6575963,wtp14acnjbu,WTP14acnjbu,WTP14acnjbu,264.328943,19.292112,0.026,,,ir,tde,secure,,,source=OTTER; TDE; mag_basis=OTTER optical photometry,,,OTTER optical photometry,False
otter,6576046,wtp18aajkmk,WTP18aajkmk,WTP18aajkmk,40.099143,-2.728314,0.0287,,,ir,tde,secure,,,source=OTTER; TDE; mag_basis=OTTER optical photometry,,,OTTER optical photometry,False
otter,6576065,wtp15abymdq,WTP15abymdq,WTP15abymdq,57.219702,-55.426525,0.03742,,,ir,tde,secure,,,source=OTTER; TDE; mag_basis=OTTER optical photometry,,,OTTER optical photometry,False
otter,6576077,wtp17aamoxe,WTP17aamoxe,WTP17aamoxe,317.242691,-56.475355,0.042,,,ir,tde,secure,,,source=OTTER; TDE; mag_basis=OTTER optical photometry,,,OTTER optical photometry,False
otter,6576131,asassn14ae,ASASSN-14ae,ASASSN-14ae;iPTF14aiv,167.16712499999997,34.09788888888889,0.043671,56682.0,56684.91651619998,optical,tde,secure,SDSS J110840.11+340552.2,,source=OTTER; TDE; mag_basis=OTTER optical photometry (2014MNRAS.445.3263H); mag_value=16.928; mag_band=V,16.9275515962,V,OTTER optical photometry (2014MNRAS.445.3263H),True
otter,6575854,asassn14li,ASASSN-14li,ASASSN-14li,192.06343875,17.77402083333333,0.0206,56983.0,56989.462997364964,optical,tde,secure,SDSS J124815.23+174626.4,,source=OTTER; TDE; mag_basis=OTTER optical photometry (2016MNRAS.455.2918H); mag_value=16.668; mag_band=V,16.6680875023,V,OTTER optical photometry (2016MNRAS.455.2918H),True
otter,6576396,iptf15af,iPTF15af,iPTF15af,132.11723694,22.059304506,0.07897,57037.3,57062.27400000003,optical,tde,secure,,,source=OTTER; TDE; mag_basis=OTTER optical photometry (2019ApJ...873...92B); mag_value=19.710; mag_band=g,19.71,g,OTTER optical photometry (2019ApJ...873...92B),False
otter,6575931,asassn15oi,ASASSN-15oi,ASASSN-15oi,309.78720833333324,-30.75627777777778,0.0484,57248.0,57248.158280000025,optical,tde,secure,2MASX J20390918-3045201,,source=OTTER; TDE; mag_basis=OTTER optical photometry (2024arXiv240719019H); mag_value=15.974; mag_band=v,15.974,v,OTTER optical photometry (2024arXiv240719019H),True
otter,6576089,at2019qiz,AT 2019qiz,AT 2019qiz;ATLAS19vfr;Gaia19eks;2013kp;AT2019qiz (= ZTF19abzrhgq);PS19gdd;ZTF19abzrhgq,71.657837,-10.226355,0.0151,58750.41,58763.4168287037,optical,tde,secure,,,source=OTTER; TDE; mag_basis=OTTER optical photometry,,,OTTER optical photometry,False
manyTDE,ASASSN-14ae.json,asassn14ae,ASASSN-14ae,ASASSN-14ae,167.1671635,34.09784698,0.0436029,,56684.91651619998,ASAS-SN,tde,secure,,,source=manyTDE; spectral_type=H; paper_ref=2014MNRAS.445.3263H; mag_basis=manyTDE flux_Jy AB approximation,,,manyTDE flux_Jy AB approximation,False
manyTDE,ASASSN-14li.json,asassn14li,ASASSN-14li,ASASSN-14li,192.06347,17.77402,0.0205778,,56989.462997364964,ASAS-SN,tde,secure,,,source=manyTDE; spectral_type=H+He; paper_ref=2015Natur.526..542M; mag_basis=manyTDE flux_Jy AB approximation,,,manyTDE flux_Jy AB approximation,False
manyTDE,ASASSN-15lh.json,asassn15lh,ASASSN-15lh,ASASSN-15lh,330.564375,-61.659611,0.2326,,57189.294,ASAS-SN,tde,secure,,,source=manyTDE; spectral_type=Featureless; paper_ref=2016Sci...351..257D; mag_basis=manyTDE flux_Jy AB approximation,,,manyTDE flux_Jy AB approximation,False
manyTDE,AT2017eqx.json,at2017eqx,AT 2017eqx,AT 2017eqx;AT2017eqx,336.701543422,17.1478884031,0.1089,,57912.22750000004,TNS,tde,secure,,,source=manyTDE; spectral_type=H+He; paper_ref=2019MNRAS.488.1878N; mag_basis=manyTDE flux_Jy AB approximation,,,manyTDE flux_Jy AB approximation,False
manyTDE,AT2018bsi.json,at2018bsi,AT 2018bsi,AT 2018bsi;AT2018bsi;JonSnow,123.860974754,45.592225495,0.051,,58224.958333333365,TNS,tde,secure,,,source=manyTDE; spectral_type=H+He; paper_ref=2021ApJ...908....4V; mag_basis=manyTDE flux_Jy AB approximation,,,manyTDE flux_Jy AB approximation,False
manyTDE,AT2018cqh.json,at2018cqh,AT 2018cqh,AT 2018cqh;AT2018cqh;Gaia18bod,38.445542,-1.02455,0.048,,58249.958333333336,Gaia,tde,secure,,,source=manyTDE; spectral_type=; paper_ref=2024MNRAS.527.1962B; mag_basis=manyTDE flux_Jy AB approximation,,,manyTDE flux_Jy AB approximation,False
manyTDE,AT2018dyb.json,at2018dyb,AT 2018dyb,AT 2018dyb;AT2018dyb,242.745322,-60.923441,0.018,,58346.72350000002,TNS,tde,secure,,,source=manyTDE; spectral_type=H+He; paper_ref=2019ApJ...887..218L; mag_basis=manyTDE flux_Jy AB approximation,,,manyTDE flux_Jy AB approximation,False
manyTDE,AT2018fyk.json,at2018fyk,AT 2018fyk,AT 2018fyk;AT2018fyk,342.567048071,-44.8648617073,0.059,,58317.53833333329,TNS,tde,secure,,,source=manyTDE; spectral_type=H+He; paper_ref=2019MNRAS.488.4816W; mag_basis=manyTDE flux_Jy AB approximation,,,manyTDE flux_Jy AB approximation,False
manyTDE,AT2018hco.json,at2018hco,AT 2018hco,AT 2018hco;AT2018hco;SansaStark,16.890125627,23.476176295,0.088,,58404.028499999986,TNS,tde,secure,,,source=manyTDE; spectral_type=H; paper_ref=2021ApJ...908....4V; mag_basis=manyTDE flux_Jy AB approximation,,,manyTDE flux_Jy AB approximation,False
manyTDE,AT2018hyz.json,at2018hyz,AT 2018hyz,AT 2018hyz;AT2018hyz;GendryBaratheon,151.71202,1.692754,0.0457266,,58428.99999999996,TNS,tde,secure,,,"source=manyTDE; spectral_type=H+He; paper_ref=2020MNRAS.498.4119S,2021ApJ...908....4V; mag_basis=manyTDE flux_Jy AB approximation",,,manyTDE flux_Jy AB approximation,False
manyTDE,AT2018iih.json,at2018iih,AT 2018iih,AT 2018iih;AT2018iih;JorahMormont,262.016347739,30.692086894,0.212,,58461.09348350004,TNS,tde,secure,,,source=manyTDE; spectral_type=He; paper_ref=2021ApJ...908....4V; mag_basis=manyTDE flux_Jy AB approximation,,,manyTDE flux_Jy AB approximation,False
manyTDE,AT2018jbv.json,at2018jbv,AT 2018jbv,AT 2018jbv;AT2018jbv;SamwellTarly,197.689794,8.567834,0.34,,58468.34150000003,TNS,tde,secure,,,source=manyTDE; spectral_type=Featureless; paper_ref=2023ApJ...942....9H; mag_basis=manyTDE flux_Jy AB approximation,,,manyTDE flux_Jy AB approximation,False
manyTDE,AT2018lna.json,at2018lna,AT 2018lna,AT 2018lna;AT2018lna;CerseiLannister,105.827704,23.029083,0.091,,58508.455,TNS,tde,secure,,,source=manyTDE; spectral_type=H+He; paper_ref=2021ApJ...908....4V; mag_basis=manyTDE flux_Jy AB approximation,,,manyTDE flux_Jy AB approximation,False
manyTDE,AT2018lni.json,at2018lni,AT 2018lni,AT 2018lni;AT2018lni;AryaStark,62.406884,73.894905,0.138,,58466.917999999976,TNS,tde,secure,,,source=manyTDE; spectral_type=Unknown; paper_ref=2021ApJ...908....4V; mag_basis=manyTDE flux_Jy AB approximation,,,manyTDE flux_Jy AB approximation,False
manyTDE,AT2018zr.json,at2018zr,AT 2018zr,AT 2018zr;AT2018zr;NedStark,119.227287,34.262119,0.071,,58204.95833333332,TNS,tde,secure,,,source=manyTDE; spectral_type=H; paper_ref=2019ApJ...880..120H; mag_basis=manyTDE flux_Jy AB approximation,,,manyTDE flux_Jy AB approximation,False
manyTDE,AT2019ahk.json,at2019ahk,AT 2019ahk,AT 2019ahk;AT2019ahk;ASASSN-19bt,105.047461,-66.040214,0.0262,,58544.00599999995,ASAS-SN,tde,secure,,,source=manyTDE; spectral_type=H; paper_ref=2019ApJ...883..111H; mag_basis=manyTDE flux_Jy AB approximation,,,manyTDE flux_Jy AB approximation,False
manyTDE,AT2019azh.json,at2019azh,AT 2019azh,AT 2019azh;AT2019azh;JaimeLannister,123.320626546,22.6483015,0.0222,,58566.23109953705,TNS,tde,secure,,,"source=manyTDE; spectral_type=H+He; paper_ref=2021MNRAS.500.1673H,2022ApJ...925...67L,2021ApJ...908....4V; mag_basis=manyTDE flux_Jy AB approximation",,,manyTDE flux_Jy AB approximation,False
manyTDE,AT2019bhf.json,at2019bhf,AT 2019bhf,AT 2019bhf;AT2019bhf;Varys,227.316564,16.23959,0.1206,,58543.39969907406,TNS,tde,secure,,,source=manyTDE; spectral_type=H+He; paper_ref=2021ApJ...908....4V; mag_basis=manyTDE flux_Jy AB approximation,,,manyTDE flux_Jy AB approximation,False
manyTDE,AT2019cho.json,at2019cho,AT 2019cho,AT 2019cho;AT2019cho;PetyrBalish,193.788374,49.519424,0.193,,58546.267291666656,TNS,tde,secure,,,source=manyTDE; spectral_type=H+He; paper_ref=2021ApJ...908....4V; mag_basis=manyTDE flux_Jy AB approximation,,,manyTDE flux_Jy AB approximation,False
manyTDE,AT2019cmw.json,at2019cmw,AT 2019cmw,AT 2019cmw;AT2019cmw;DavosSeaworth,282.164495,51.013537,0.5167,,58581.89299999999,TNS,tde,secure,,,source=manyTDE; spectral_type=Featureless; paper_ref=2022ApJ...925...67L; mag_basis=manyTDE flux_Jy AB approximation,,,manyTDE flux_Jy AB approximation,False
manyTDE,AT2019dsg.json,at2019dsg,AT 2019dsg,AT 2019dsg;AT2019dsg;BranStark,314.262416,14.204515,0.0512,,58603.86600000004,TNS,tde,secure,,,source=manyTDE; spectral_type=H+He; paper_ref=2021ApJ...908....4V; mag_basis=manyTDE flux_Jy AB approximation,,,manyTDE flux_Jy AB approximation,False
manyTDE,AT2019ehz.json,at2019ehz,AT 2019ehz,AT 2019ehz;AT2019ehz;Brienne,212.424617,55.49105,0.074,,58612.36413194444,TNS,tde,secure,,,source=manyTDE; spectral_type=H; paper_ref=2021ApJ...908....4V; mag_basis=manyTDE flux_Jy AB approximation,,,manyTDE flux_Jy AB approximation,False
manyTDE,AT2019eve.json,at2019eve,AT 2019eve,AT 2019eve;AT2019eve;CatelynStark,172.206932,15.672884,0.0813,,58614.52400000003,TNS,tde,secure,,,source=manyTDE; spectral_type=Unknown; paper_ref=2021ApJ...908....4V; mag_basis=manyTDE flux_Jy AB approximation,,,manyTDE flux_Jy AB approximation,False
manyTDE,AT2019lwu.json,at2019lwu,AT 2019lwu,AT 2019lwu;AT2019lwu;RobbStark,347.80127251,-1.003004502,0.117,,58691.35649999999,TNS,tde,secure,,,source=manyTDE; spectral_type=H; paper_ref=2021ApJ...908....4V; mag_basis=manyTDE flux_Jy AB approximation,,,manyTDE flux_Jy AB approximation,False
manyTDE,AT2019meg.json,at2019meg,AT 2019meg,AT 2019meg;AT2019meg;MargaeryTyrell,281.317497,44.438606,0.152,,58696.39349999996,TNS,tde,secure,,,source=manyTDE; spectral_type=H; paper_ref=2021ApJ...908....4V; mag_basis=manyTDE flux_Jy AB approximation,,,manyTDE flux_Jy AB approximation,False
manyTDE,AT2019mha.json,at2019mha,AT 2019mha,AT 2019mha;AT2019mha;Bronn,244.115776678,56.43232034,0.148,,58703.803000000014,TNS,tde,secure,,,source=manyTDE; spectral_type=H+He; paper_ref=2021ApJ...908....4V; mag_basis=manyTDE flux_Jy AB approximation,,,manyTDE flux_Jy AB approximation,False
manyTDE,AT2019qiz.json,at2019qiz,AT 2019qiz,AT 2019qiz;AT2019qiz;Melisandre,71.657837,-10.226355,0.0151,,58763.4168287037,TNS,tde,secure,,,"source=manyTDE; spectral_type=H+He; paper_ref=2020MNRAS.499..482N,2021ApJ...908....4V; mag_basis=manyTDE flux_Jy AB approximation",,,manyTDE flux_Jy AB approximation,False
manyTDE,AT2019teq.json,at2019teq,AT 2019teq,AT 2019teq;AT2019teq;Missandei,284.772883,47.518226,0.0874,,58794.13209490739,TNS,tde,secure,,,source=manyTDE; spectral_type=Unknown; paper_ref=2023ApJ...942....9H; mag_basis=manyTDE flux_Jy AB approximation,,,manyTDE flux_Jy AB approximation,False
manyTDE,AT2019vcb.json,at2019vcb,AT 2019vcb,AT 2019vcb;AT2019vcb;Tormund,189.734925821,33.165893097,0.088,,58828.550995370344,TNS,tde,secure,,,source=manyTDE; spectral_type=H+He; paper_ref=2023ApJ...942....9H; mag_basis=manyTDE flux_Jy AB approximation,,,manyTDE flux_Jy AB approximation,False
manyTDE,AT2020abri.json,at2020abri,AT 2020abri,AT 2020abri;AT2020abri;Omera,202.3219798,19.6709745,0.178,,59215.0,TNS,tde,secure,,,source=manyTDE; spectral_type=Unknown; paper_ref=2023ApJ...955L...6Y; mag_basis=manyTDE flux_Jy AB approximation,,,manyTDE flux_Jy AB approximation,False
manyTDE,AT2020acka.json,at2020acka,AT 2020acka,AT 2020acka;AT2020acka;Grogu,238.7581163,16.3045387,0.338,,59215.0,TNS,tde,secure,,,source=manyTDE; spectral_type=Featureless; paper_ref=2023ApJ...955L...6Y; mag_basis=manyTDE flux_Jy AB approximation,,,manyTDE flux_Jy AB approximation,False
manyTDE,AT2020ddv.json,at2020ddv,AT 2020ddv,AT 2020ddv;AT2020ddv;Shae,149.639235374,46.911230491,0.16,,58915.20659722222,TNS,tde,secure,,,source=manyTDE; spectral_type=Unknown; paper_ref=2023ApJ...942....9H; mag_basis=manyTDE flux_Jy AB approximation,,,manyTDE flux_Jy AB approximation,False
manyTDE,AT2020ksf.json,at2020ksf,AT 2020ksf,AT 2020ksf;AT2020ksf;SRGb,323.863674,-18.27649,0.0942,,58969.54738425926,TNS,tde,secure,,,source=manyTDE; spectral_type=; paper_ref=2024ApJ...963...75W; mag_basis=manyTDE flux_Jy AB approximation,,,manyTDE flux_Jy AB approximation,False
manyTDE,AT2020mbq.json,at2020mbq,AT 2020mbq,AT 2020mbq;AT2020mbq;Yara,235.063589,25.001341,0.093,,59019.25012731484,TNS,tde,secure,,,source=manyTDE; spectral_type=H; paper_ref=2023ApJ...942....9H; mag_basis=manyTDE flux_Jy AB approximation,,,manyTDE flux_Jy AB approximation,False
manyTDE,AT2020mot.json,at2020mot,AT 2020mot,AT 2020mot;AT2020mot;Pycelle,7.806617,85.008879,0.07,,59066.337523148126,TNS,tde,secure,,,source=manyTDE; spectral_type=H+He; paper_ref=2023ApJ...942....9H; mag_basis=manyTDE flux_Jy AB approximation,,,manyTDE flux_Jy AB approximation,False
manyTDE,AT2020neh.json,at2020neh,AT 2020neh,AT 2020neh;AT2020neh;Tommen,230.333676543,14.069590814,0.062,,59033.95833333332,TNS,tde,secure,,,source=manyTDE; spectral_type=; paper_ref=2022NatAs...6.1452A; mag_basis=manyTDE flux_Jy AB approximation,,,manyTDE flux_Jy AB approximation,False
manyTDE,AT2020ocn.json,at2020ocn,AT 2020ocn,AT 2020ocn;AT2020ocn;Podrick,208.474171123,53.997147482,0.07,,58986.40042824074,TNS,tde,secure,,,source=manyTDE; spectral_type=Unknown; paper_ref=2023ApJ...942....9H; mag_basis=manyTDE flux_Jy AB approximation,,,manyTDE flux_Jy AB approximation,False
manyTDE,AT2020pj.json,at2020pj,AT 2020pj,AT 2020pj;AT2020pj;Gilly,232.895698316,33.094911147,0.068,,58861.490000000034,TNS,tde,secure,,,source=manyTDE; spectral_type=H+He; paper_ref=2023ApJ...942....9H; mag_basis=manyTDE flux_Jy AB approximation,,,manyTDE flux_Jy AB approximation,False
manyTDE,AT2020qhs.json,at2020qhs,AT 2020qhs,AT 2020qhs;AT2020qhs;Loras,34.474792,-9.614137,0.345,,59055.95833333331,TNS,tde,secure,,,source=manyTDE; spectral_type=Featureless; paper_ref=2023ApJ...942....9H; mag_basis=manyTDE flux_Jy AB approximation,,,manyTDE flux_Jy AB approximation,False
manyTDE,AT2020riz.json,at2020riz,AT 2020riz,AT 2020riz;AT2020riz;Talisa,32.628146,9.074104,0.434,,59079.95833333336,TNS,tde,secure,,,source=manyTDE; spectral_type=Featureless; paper_ref=2023ApJ...942....9H; mag_basis=manyTDE flux_Jy AB approximation,,,manyTDE flux_Jy AB approximation,False
manyTDE,AT2020vdq.json,at2020vdq,AT 2020vdq,AT 2020vdq;AT2020vdq;J1008,152.22267081,42.71672845,0.045,,59113.048321759234,TNS,tde,secure,,,source=manyTDE; spectral_type=; paper_ref=2023arXiv231003791S; mag_basis=manyTDE flux_Jy AB approximation,,,manyTDE flux_Jy AB approximation,False
manyTDE,AT2020vwl.json,at2020vwl,AT 2020vwl,AT 2020vwl;AT2020vwl;Mando,232.6575455,26.9824269,0.0325,,59174.99999999998,TNS,tde,secure,,,"source=manyTDE; spectral_type=H+He; paper_ref=2023MNRAS.522.5084G,2023ApJ...955L...6Y; mag_basis=manyTDE flux_Jy AB approximation",,,manyTDE flux_Jy AB approximation,False
manyTDE,AT2020wey.json,at2020wey,AT 2020wey,AT 2020wey;AT2020wey;Roose,136.357958,61.802538,0.02741,,59150.00000000002,TNS,tde,secure,,,source=manyTDE; spectral_type=Unknown; paper_ref=2023ApJ...942....9H; mag_basis=manyTDE flux_Jy AB approximation,,,manyTDE flux_Jy AB approximation,False
manyTDE,AT2020ysg.json,at2020ysg,AT 2020ysg,AT 2020ysg;AT2020ysg;Osha,171.35844,27.440599,0.277,,59138.95833333332,TNS,tde,secure,,,source=manyTDE; spectral_type=Featureless; paper_ref=2023ApJ...942....9H; mag_basis=manyTDE flux_Jy AB approximation,,,manyTDE flux_Jy AB approximation,False
manyTDE,AT2020yue.json,at2020yue,AT 2020yue,AT 2020yue;AT2020yue;Wicket,165.0014032,21.1127647,0.2042,,59195.99999999998,TNS,tde,secure,,,source=manyTDE; spectral_type=H?; paper_ref=2023ApJ...955L...6Y; mag_basis=manyTDE flux_Jy AB approximation,,,manyTDE flux_Jy AB approximation,False
manyTDE,AT2020zso.json,at2020zso,AT 2020zso,AT 2020zso;AT2020zso;Hodor,335.571358,-7.266372,0.0565,,59192.186990740716,TNS,tde,secure,,,"source=manyTDE; spectral_type=H+He; paper_ref=2022A&A...666A...6W,2023ApJ...942....9H; mag_basis=manyTDE flux_Jy AB approximation",,,manyTDE flux_Jy AB approximation,False
manyTDE,AT2021ack.json,at2021ack,AT 2021ack,AT 2021ack;AT2021ack;CaraDune,208.2916185,9.7403742,0.133,,59225.00000000002,TNS,tde,secure,,,source=manyTDE; spectral_type=H+He; paper_ref=2021TNSCR.732....1H; mag_basis=manyTDE flux_Jy AB approximation,,,manyTDE flux_Jy AB approximation,False
manyTDE,AT2021crk.json,at2021crk,AT 2021crk,AT 2021crk;AT2021crk;Kuiil,176.2787808,18.5403678,0.155,,59273.99999999998,TNS,tde,secure,,,source=manyTDE; spectral_type=H+He?; paper_ref=2023ApJ...955L...6Y; mag_basis=manyTDE flux_Jy AB approximation,,,manyTDE flux_Jy AB approximation,False
manyTDE,AT2021ehb.json,at2021ehb,AT 2021ehb,AT 2021ehb;AT2021ehb;BoKatan,46.9492777,40.3112356,0.017,,59310.95833333334,TNS,tde,secure,,,source=manyTDE; spectral_type=Unknown; paper_ref=2022ApJ...937....8Y; mag_basis=manyTDE flux_Jy AB approximation,,,manyTDE flux_Jy AB approximation,False
manyTDE,AT2021gje.json,at2021gje,AT 2021gje,AT 2021gje;AT2021gje;IG-11,252.5305188,34.8188083,0.358,,59305.958333333336,TNS,tde,secure,,,source=manyTDE; spectral_type=Unknown; paper_ref=2021TNSCR1723....1H; mag_basis=manyTDE flux_Jy AB approximation,,,manyTDE flux_Jy AB approximation,False
manyTDE,AT2021jjm.json,at2021jjm,AT 2021jjm,AT 2021jjm;AT2021jjm;Pershing,219.877775,-27.8585158,0.153,,59321.95833333336,TNS,tde,secure,,,source=manyTDE; spectral_type=H; paper_ref=2023ApJ...955L...6Y; mag_basis=manyTDE flux_Jy AB approximation,,,manyTDE flux_Jy AB approximation,False
manyTDE,AT2021jsg.json,at2021jsg,AT 2021jsg,AT 2021jsg;AT2021jsg;KReeves,167.1529779,30.7612734,0.126,,59254.000000000015,TNS,tde,secure,,,source=manyTDE; spectral_type=H+He; paper_ref=2021TNSCR1221....1Y; mag_basis=manyTDE flux_Jy AB approximation,,,manyTDE flux_Jy AB approximation,False
manyTDE,AT2021lo.json,at2021lo,AT 2021lo,AT 2021lo;AT2021lo;Winta,46.109744,4.7456769,0.152,,59256.99999999996,TNS,tde,secure,,,source=manyTDE; spectral_type=H+He; paper_ref=2022TNSCR.620....1Y; mag_basis=manyTDE flux_Jy AB approximation,,,manyTDE flux_Jy AB approximation,False
manyTDE,AT2021mhg.json,at2021mhg,AT 2021mhg,AT 2021mhg;AT2021mhg;Burg,4.9287229,29.3168651,0.073,,59368.958333333336,TNS,tde,secure,,,source=manyTDE; spectral_type=H+He; paper_ref=2023ApJ...955L...6Y; mag_basis=manyTDE flux_Jy AB approximation,,,manyTDE flux_Jy AB approximation,False
manyTDE,AT2021nwa.json,at2021nwa,AT 2021nwa,AT 2021nwa;AT2021nwa;CobbVanth,238.463623211,55.5888408,0.047,,59399.9583333333,TNS,tde,secure,,,source=manyTDE; spectral_type=H+He; paper_ref=2021TNSCR2155....1Y; mag_basis=manyTDE flux_Jy AB approximation,,,manyTDE flux_Jy AB approximation,False
manyTDE,AT2021sdu.json,at2021sdu,AT 2021sdu,AT 2021sdu;AT2021sdu;ToroCalican,17.849369,50.5749192,0.059,,59413.95833333334,TNS,tde,secure,,,source=manyTDE; spectral_type=H+He; paper_ref=2023ApJ...955L...6Y; mag_basis=manyTDE flux_Jy AB approximation,,,manyTDE flux_Jy AB approximation,False
manyTDE,AT2021uqv.json,at2021uqv,AT 2021uqv,AT 2021uqv;AT2021uqv;Q9-0,8.1661537,22.5489318,0.106,,59449.95833333332,TNS,tde,secure,,,source=manyTDE; spectral_type=He; paper_ref=2023ApJ...955L...6Y; mag_basis=manyTDE flux_Jy AB approximation,,,manyTDE flux_Jy AB approximation,False
manyTDE,AT2021utq.json,at2021utq,AT 2021utq,AT 2021utq;AT2021utq;Teebo,229.621337,73.358726,0.127,,59454.95833333332,TNS,tde,secure,,,source=manyTDE; spectral_type=H; paper_ref=2023ApJ...955L...6Y; mag_basis=manyTDE flux_Jy AB approximation,,,manyTDE flux_Jy AB approximation,False
manyTDE,AT2021uvz.json,at2021uvz,AT 2021uvz,AT 2021uvz;AT2021uvz;GorKoresh,263.2105074,33.0328295,0.176,,59424.95833333334,TNS,tde,secure,,,source=manyTDE; spectral_type=; paper_ref=2022TNSCR.925....1Y; mag_basis=manyTDE flux_Jy AB approximation,,,manyTDE flux_Jy AB approximation,False
manyTDE,AT2021yte.json,at2021yte,AT 2021yte,AT 2021yte;AT2021yte;Lang,103.7697222,12.6342157,0.053,,59479.9583333333,TNS,tde,secure,,,source=manyTDE; spectral_type=H+He; paper_ref=2023ApJ...955L...6Y; mag_basis=manyTDE flux_Jy AB approximation,,,manyTDE flux_Jy AB approximation,False
manyTDE,AT2021yzv.json,at2021yzv,AT 2021yzv,AT 2021yzv;AT2021yzv;AxeWoves,105.2775159,40.8251553,0.286,,59479.9583333333,TNS,tde,secure,,,source=manyTDE; spectral_type=Featureless; paper_ref=2023ApJ...955L...6Y; mag_basis=manyTDE flux_Jy AB approximation,,,manyTDE flux_Jy AB approximation,False
manyTDE,AT2022bdw.json,at2022bdw,AT 2022bdw,AT 2022bdw;AT2022bdw;Caben,126.2932291,18.5826314,0.0378,,59626.99999999998,TNS,tde,secure,,,source=manyTDE; spectral_type=H+He; paper_ref=2022TNSCR.511....1A; mag_basis=manyTDE flux_Jy AB approximation,,,manyTDE flux_Jy AB approximation,False
manyTDE,AT2022dbl.json,at2022dbl,AT 2022dbl,AT 2022dbl;AT2022dbl;LukeSkywalker,185.1878251,49.5512224,0.0284,,59637.0,TNS,tde,secure,,,source=manyTDE; spectral_type=H+He; paper_ref=2022TNSCR.504....1A; mag_basis=manyTDE flux_Jy AB approximation,,,manyTDE flux_Jy AB approximation,False
manyTDE,AT2022dsb.json,at2022dsb,AT 2022dsb,AT 2022dsb;AT2022dsb;ASASSN-22cs,235.5906326,-22.6705799,0.0234,,59640.00000000004,ASAS-SN,tde,secure,,,source=manyTDE; spectral_type=; paper_ref=2022TNSCR.584....1F; mag_basis=manyTDE flux_Jy AB approximation,,,manyTDE flux_Jy AB approximation,False
manyTDE,AT2022dyt.json,at2022dyt,AT 2022dyt,AT 2022dyt;AT2022dyt;RiotMar,150.0334731,26.4606773,0.072,,59669.95833333336,TNS,tde,secure,,,source=manyTDE; spectral_type=; paper_ref=2022TNSCR1036....1S; mag_basis=manyTDE flux_Jy AB approximation,,,manyTDE flux_Jy AB approximation,False
manyTDE,AT2022exr.json,at2022exr,AT 2022exr,AT 2022exr;AT2022exr;JibDodger,262.4604624,25.8421643,0.0955,,59672.95833333331,TNS,tde,secure,,,source=manyTDE; spectral_type=; paper_ref=2022TNSCR1202....1H; mag_basis=manyTDE flux_Jy AB approximation,,,manyTDE flux_Jy AB approximation,False
manyTDE,AT2022gri.json,at2022gri,AT 2022gri,AT 2022gri;AT2022gri;TrapperWolf,109.5866428,33.9948531,0.028,,59760.95833333336,TNS,tde,secure,,,source=manyTDE; spectral_type=; paper_ref=2022TNSAN..99....1Y; mag_basis=manyTDE flux_Jy AB approximation,,,manyTDE flux_Jy AB approximation,False
manyTDE,AT2022hvp.json,at2022hvp,AT 2022hvp,AT 2022hvp;AT2022hvp;ValinHess,148.688522,55.440389,0.112,,59694.95833333332,TNS,tde,secure,,,source=manyTDE; spectral_type=; paper_ref=2022TNSAN.106....1F; mag_basis=manyTDE flux_Jy AB approximation,,,manyTDE flux_Jy AB approximation,False
manyTDE,AT2022pna.json,at2022pna,AT 2022pna,AT 2022pna;AT2022pna;ObiWan,25.48146,-3.289589,0.095,,59795.95833333334,TNS,tde,secure,,,source=manyTDE; spectral_type=; paper_ref=2022TNSCR2892....1Y; mag_basis=manyTDE flux_Jy AB approximation,,,manyTDE flux_Jy AB approximation,False
manyTDE,AT2022rz.json,at2022rz,AT 2022rz,AT 2022rz;AT2022rz;Stoke,234.4900152,56.2716191,0.107,,59600.000000000044,TNS,tde,secure,,,source=manyTDE; spectral_type=H+He; paper_ref=2022TNSCR.891....1H; mag_basis=manyTDE flux_Jy AB approximation,,,manyTDE flux_Jy AB approximation,False
manyTDE,AT2022upj.json,at2022upj,AT 2022upj,AT 2022upj;AT2022upj;Chewbacca,5.98700788,-14.423342289,0.052,,59883.29998842594,TNS,tde,secure,,,source=manyTDE; spectral_type=; paper_ref=arXiv:2406.11972; mag_basis=manyTDE flux_Jy AB approximation,,,manyTDE flux_Jy AB approximation,False
manyTDE,AT2022wtn.json,at2022wtn,AT 2022wtn,AT 2022wtn;AT2022wtn;Tarkin,350.849102,10.685503,0.0491,,59881.958333333336,TNS,tde,secure,,,source=manyTDE; spectral_type=; paper_ref=2022TNSTR2885....1F; mag_basis=manyTDE flux_Jy AB approximation,,,manyTDE flux_Jy AB approximation,False
manyTDE,AT2023clx.json,at2023clx,AT 2023clx,AT 2023clx;AT2023clx;ASASSN-23bd,175.039179,15.327375,0.01107,,60001.000000000015,ASAS-SN,tde,secure,,,source=manyTDE; spectral_type=; paper_ref=2024arXiv240111773C; mag_basis=manyTDE flux_Jy AB approximation,,,manyTDE flux_Jy AB approximation,False
manyTDE,AT2023cvb.json,at2023cvb,AT 2023cvb,AT 2023cvb;AT2023cvb;ATLAS23dht,288.607003,41.669251,0.071,,60016.200000000026,ATLAS,tde,secure,,,source=manyTDE; spectral_type=; paper_ref=2023TNSAN.102....1Y; mag_basis=manyTDE flux_Jy AB approximation,,,manyTDE flux_Jy AB approximation,False
manyTDE,AT2023mfm.json,at2023mfm,AT 2023mfm,AT 2023mfm;AT2023mfm;Jabba,324.366491,-4.345282,0.087,,60151.95833333331,TNS,tde,secure,,,source=manyTDE; spectral_type=; paper_ref=2023TNSAN.250....1C; mag_basis=manyTDE flux_Jy AB approximation,,,manyTDE flux_Jy AB approximation,False
manyTDE,AT2023mhs.json,at2023mhs,AT 2023mhs,AT 2023mhs;AT2023mhs,205.815338,19.2502509,0.0482,,60133.95833333332,TNS,tde,secure,,,source=manyTDE; spectral_type=; paper_ref=2023TNSAN.197....1W; mag_basis=manyTDE flux_Jy AB approximation,,,manyTDE flux_Jy AB approximation,False
manyTDE,AT2023qab.json,at2023qab,AT 2023qab,AT 2023qab;AT2023qab;AT2024qab,273.5258,36.2499152,0.1398,,60518.958333333365,TNS,tde,secure,,,source=manyTDE; spectral_type=; paper_ref=2024TNSCR2633....1C; mag_basis=manyTDE flux_Jy AB approximation,,,manyTDE flux_Jy AB approximation,False
manyTDE,AT2023rvb.json,at2023rvb,AT 2023rvb,AT 2023rvb;AT2023rvb;ZTF23abaujuy,290.3022882,-22.6443337,0.0815,,60207.15833333332,ZTF,tde,secure,,,source=manyTDE; spectral_type=; paper_ref=2023TNSAN.326....1H; mag_basis=manyTDE flux_Jy AB approximation,,,manyTDE flux_Jy AB approximation,False
manyTDE,AT2024qab.json,at2024qab,AT 2024qab,AT 2024qab;AT2024qab,273.5258,36.2499152,0.1398,,60518.958333333365,TNS,tde,secure,,,source=manyTDE; spectral_type=; paper_ref=2024TNSCR2633....1C; mag_basis=manyTDE flux_Jy AB approximation,,,manyTDE flux_Jy AB approximation,False
manyTDE,DES14C1kia.json,des14c1kia,DES14C1kia,DES14C1kia,53.697875,-26.326388889,0.1618,,56986.50000000004,,tde,secure,,,source=manyTDE; spectral_type=; paper_ref=2015ATel.6877....1F; mag_basis=manyTDE flux_Jy AB approximation,,,manyTDE flux_Jy AB approximation,False
manyTDE,GALEX-D3-13.json,galexd313,GALEX-D3-13,GALEX-D3-13;D3-13,214.874116942,52.868436516,0.3698,,53019.639999999985,,tde,secure,,,source=manyTDE; spectral_type=; paper_ref=2008ApJ...676..944G; mag_basis=manyTDE flux_Jy AB approximation,,,manyTDE flux_Jy AB approximation,False
manyTDE,OGLE16aaa.json,ogle16aaa,OGLE16aaa,OGLE16aaa,16.836506,-64.272346,0.1655,,57413.039999999964,,tde,secure,,,source=manyTDE; spectral_type=Unknown; paper_ref=2017MNRAS.465L.114W; mag_basis=manyTDE flux_Jy AB approximation,,,manyTDE flux_Jy AB approximation,False
manyTDE,PS1-10jh.json,ps110jh,PS1-10jh,PS1-10jh,242.367817171123,53.6733308805967,0.1696,,55393.18749999996,Pan-STARRS,tde,secure,,,source=manyTDE; spectral_type=He; paper_ref=2012Natur.485..217G; mag_basis=manyTDE flux_Jy AB approximation,,,manyTDE flux_Jy AB approximation,False
manyTDE,PS1-11af.json,ps111af,PS1-11af,PS1-11af,149.36175,3.23359,0.4046,,55581.710000000036,Pan-STARRS,tde,secure,,,source=manyTDE; spectral_type=Featureless; paper_ref=2014ApJ...780...44C; mag_basis=manyTDE flux_Jy AB approximation,,,manyTDE flux_Jy AB approximation,False
manyTDE,PTF-09axc.json,ptf09axc,PTF-09axc,PTF-09axc,223.30448,22.2423,0.1146,,55023.62500000004,PTF,tde,secure,,,source=manyTDE; spectral_type=H; paper_ref=2014ApJ...793...38A; mag_basis=manyTDE flux_Jy AB approximation,,,manyTDE flux_Jy AB approximation,False
manyTDE,PTF-09djl.json,ptf09djl,PTF-09djl,PTF-09djl,248.48322,30.23796,0.184,,55049.17500000001,PTF,tde,secure,,,source=manyTDE; spectral_type=H; paper_ref=2014ApJ...793...38A; mag_basis=manyTDE flux_Jy AB approximation,,,manyTDE flux_Jy AB approximation,False
manyTDE,PTF-09ge.json,ptf09ge,PTF-09ge,PTF-09ge,224.26325,49.61138,0.064,,54992.41749999999,PTF,tde,secure,,,source=manyTDE; spectral_type=He; paper_ref=2014ApJ...793...38A; mag_basis=manyTDE flux_Jy AB approximation,,,manyTDE flux_Jy AB approximation,False
manyTDE,SDSS-TDE1.json,sdsstde1,SDSS-TDE1,SDSS-TDE1;TDE1,355.50586,1.1081316,0.136,,53973.95833333336,,tde,secure,,,source=manyTDE; spectral_type=; paper_ref=2011ApJ...741...73V; mag_basis=manyTDE flux_Jy AB approximation,,,manyTDE flux_Jy AB approximation,False
manyTDE,SDSS-TDE2.json,sdsstde2,SDSS-TDE2,SDSS-TDE2;TDE2,350.95256,-1.13618,0.2515,,54266.95833333332,,tde,secure,,,source=manyTDE; spectral_type=H; paper_ref=2011ApJ...741...73V; mag_basis=manyTDE flux_Jy AB approximation,,,manyTDE flux_Jy AB approximation,False
manyTDE,iPTF-15af.json,iptf15af,iPTF-15af,iPTF-15af,132.11723694,22.059304506,0.07897,,57062.27400000003,PTF,tde,secure,,,source=manyTDE; spectral_type=H+He; paper_ref=2019ApJ...873...92B; mag_basis=manyTDE flux_Jy AB approximation,,,manyTDE flux_Jy AB approximation,False
manyTDE,iPTF-16axa.json,iptf16axa,iPTF-16axa,iPTF-16axa,255.89311,30.59352,0.108,,57523.41999999996,PTF,tde,secure,,,source=manyTDE; spectral_type=H+He; paper_ref=2017ApJ...842...29H; mag_basis=manyTDE flux_Jy AB approximation,,,manyTDE flux_Jy AB approximation,False
manyTDE,iPTF-16fnl.json,iptf16fnl,iPTF-16fnl,iPTF-16fnl,7.487716456,32.893686987,0.0163,,57629.45019999998,PTF,tde,secure,,,source=manyTDE; spectral_type=H+He; paper_ref=2017ApJ...844...46B; mag_basis=manyTDE flux_Jy AB approximation,,,manyTDE flux_Jy AB approximation,False
asassn_transients,572,at2024aegq,AT 2024aegq,AT 2024aegq;GOTO24jcl,84.19975,-57.35527777777778,0.1,60675.01,,GOTO,tde_candidate,likely,,,"source=input/asassn_transients.csv; known SN candidate, z=0.1, discovered 2024/11/20.462, Type TDE; mag_basis=ASAS-SN v_g_mag; mag_value=17.170; mag_band=ASAS-SN V/g",17.17,ASAS-SN V/g,ASAS-SN v_g_mag,True
asassn_transients,917,at2024kbl,AT 2024kbl,AT 2024kbl;ASASSN-24dm,202.84754166666667,9.824194444444444,,60462.34,,ASAS-SN,tde_candidate,likely,,,"source=input/asassn_transients.csv; SN candidate, possible TDE, posted to TNS; mag_basis=ASAS-SN v_g_mag; mag_value=16.540; mag_band=ASAS-SN V/g",16.54,ASAS-SN V/g,ASAS-SN v_g_mag,True
asassn_transients,1006,at2024gfa,AT 2024gfa,AT 2024gfa;ASASSN-24cn,160.69745833333332,27.66197222222222,,60410.33,,ASAS-SN,tde_candidate,likely,,,"source=input/asassn_transients.csv; SN candidate on the rise, possible nuclear source, potential TDE, posted to TNS; mag_basis=ASAS-SN v_g_mag; mag_value=16.890; mag_band=ASAS-SN V/g",16.89,ASAS-SN V/g,ASAS-SN v_g_mag,True
asassn_transients,1113,at2024as,AT 2024as,AT 2024as;ATLAS24acr;Gaia24acj,151.27583333333334,17.489083333333333,,60347.52,,ATLAS,tde_candidate,likely,,,"source=input/asassn_transients.csv; known SN candidate, z unknown, discovered 2024/01/01.666, Type TDE; mag_basis=ASAS-SN v_g_mag; mag_value=17.910; mag_band=ASAS-SN V/g",17.91,ASAS-SN V/g,ASAS-SN v_g_mag,False
asassn_transients,1122,at2020afhd,AT 2020afhd,AT 2020afhd;ZTF20abwtifz;ATLAS24btc,48.39891666666667,-2.1519999999999997,0.024,60344.22,,ZTF,tde_candidate,likely,,,"source=input/asassn_transients.csv; known TDE candidate, z=0.024, discovered 2020/10/20 9:46:04.800, Type: TDE; mag_basis=ASAS-SN v_g_mag; mag_value=16.620; mag_band=ASAS-SN V/g",16.62,ASAS-SN V/g,ASAS-SN v_g_mag,True
asassn_transients,1310,at2023uta,AT 2023uta,AT 2023uta;ASASSN-23hb,107.40925,54.95,,60228.38,,ASAS-SN,tde_candidate,likely,,,"source=input/asassn_transients.csv; SN candidate or possible TDE, posted to TNS; mag_basis=ASAS-SN v_g_mag; mag_value=16.560; mag_band=ASAS-SN V/g",16.56,ASAS-SN V/g,ASAS-SN v_g_mag,True
asassn_transients,1587,at2023fro,AT 2023fro,AT 2023fro;ASASSN-23cs,316.1134583333333,-48.23894444444444,,60048.39,,ASAS-SN,tde,secure,,,"source=input/asassn_transients.csv; Nuclear source, so could be a TDE, posted to TNS; mag_basis=ASAS-SN v_g_mag; mag_value=15.880; mag_band=ASAS-SN V/g",15.88,ASAS-SN V/g,ASAS-SN v_g_mag,True
asassn_transients,1670,asassn23bd,ASASSN-23bd,ASASSN-23bd;AT 20203clx,175.03824999999998,15.327583333333331,,56781.33,,ASAS-SN,tde,secure,,,"source=input/asassn_transients.csv; Nuclear source, so could be a TDE, posted to TNS; mag_basis=ASAS-SN v_g_mag; mag_value=16.400; mag_band=ASAS-SN V/g",16.4,ASAS-SN V/g,ASAS-SN v_g_mag,True
asassn_transients,3179,at2021msu,AT 2021msu,AT 2021msu;ATLAS21pis,223.63625,9.227666666666666,0.05,59366.1,,ATLAS,tde_candidate,likely,,,"source=input/asassn_transients.csv; known TDE candidate, z=0.05, discovered 2021/05/19.342; mag_basis=ASAS-SN v_g_mag; mag_value=16.780; mag_band=ASAS-SN V/g",16.78,ASAS-SN V/g,ASAS-SN v_g_mag,True
asassn_transients,3205,at2021ncq,AT 2021ncq,AT 2021ncq;ASASSN-21iu,16.79629166666667,-41.916694444444445,,59357.15,,ASAS-SN,possible_tde,possible,,,"source=input/asassn_transients.csv; SN candidate, nuclear source, posted to TNS; mag_basis=ASAS-SN v_g_mag; mag_value=16.360; mag_band=ASAS-SN V/g",16.36,ASAS-SN V/g,ASAS-SN v_g_mag,True
asassn_transients,3396,at2021hfu,AT 2021hfu,AT 2021hfu;ASASSN-21ek,123.32683333333334,34.93244444444444,,59302.16,,ASAS-SN,possible_tde,possible,,,"source=input/asassn_transients.csv; SN candidate, possible nuclear transient, posted to TNS; mag_basis=ASAS-SN v_g_mag; mag_value=15.680; mag_band=ASAS-SN V/g",15.68,ASAS-SN V/g,ASAS-SN v_g_mag,True
asassn_transients,3820,at2020ybf,AT 2020ybf,AT 2020ybf;ASASSN-20nh,67.44633333333333,-67.05522222222221,,59142.29,,ASAS-SN,possible_tde,possible,,,"source=input/asassn_transients.csv; SN candidate, nuclear source, could be an AGN, posted to TNS; mag_basis=ASAS-SN v_g_mag; mag_value=16.780; mag_band=ASAS-SN V/g",16.78,ASAS-SN V/g,ASAS-SN v_g_mag,True
asassn_transients,3880,at2020ual,AT 2020ual,AT 2020ual;ASASSN-20mi,318.91795833333333,-49.07666666666667,,59115.01,,ASAS-SN,tde_candidate,likely,,,"source=input/asassn_transients.csv; SN candidate, likely nuclear source, so could also be a TDE, posted to TNS; mag_basis=ASAS-SN v_g_mag; mag_value=16.680; mag_band=ASAS-SN V/g",16.68,ASAS-SN V/g,ASAS-SN v_g_mag,True
asassn_transients,3924,at2020svp,AT 2020svp,AT 2020svp;ASASSN-20lk,207.63666666666663,-30.04877777777778,,59100.72,,ASAS-SN,tde_candidate,likely,,,"source=input/asassn_transients.csv; SN candidate, possible nuclear source, could be a TDE, posted to TNS; mag_basis=ASAS-SN v_g_mag; mag_value=15.600; mag_band=ASAS-SN V/g",15.6,ASAS-SN V/g,ASAS-SN v_g_mag,True
asassn_transients,4006,at2020ral,AT 2020ral,AT 2020ral;ASASSN-20jr,229.32366666666667,54.76266666666667,,59071.24,,ASAS-SN,tde_candidate,likely,,,"source=input/asassn_transients.csv; SN candidate, possibly a nuclear event, could be a TDE, posted to TNS; mag_basis=ASAS-SN v_g_mag; mag_value=16.550; mag_band=ASAS-SN V/g",16.55,ASAS-SN V/g,ASAS-SN v_g_mag,True
asassn_transients,4090,at2020pom,AT 2020pom,AT 2020pom;ASASSN-20il,75.79708333333332,-22.81447222222222,,59038.18,,ASAS-SN,tde_candidate,likely,,,"source=input/asassn_transients.csv; SN candidate, nuclear source, could be a TDE/AGN, posted to TNS; mag_basis=ASAS-SN v_g_mag; mag_value=15.800; mag_band=ASAS-SN V/g",15.8,ASAS-SN V/g,ASAS-SN v_g_mag,True
asassn_transients,4688,at2019von,AT 2019von,AT 2019von;ASASSN-19abt,32.4485,-11.629944444444446,,58808.27,,ASAS-SN,possible_tde,possible,,,"source=input/asassn_transients.csv; SN candidate, possible nuclear source, posted to TNS; mag_basis=ASAS-SN v_g_mag; mag_value=16.820; mag_band=ASAS-SN V/g",16.82,ASAS-SN V/g,ASAS-SN v_g_mag,True
asassn_transients,5271,at2019dsg,AT 2019dsg,AT 2019dsg;ZTF19aapreis,314.2617916666667,14.20547222222222,0.0512,58618.43,,ZTF,tde_candidate,likely,,,"source=input/asassn_transients.csv; known TDE candidate, z=0.0512, discovered 2019/04/09.465; mag_basis=ASAS-SN v_g_mag; mag_value=17.060; mag_band=ASAS-SN V/g",17.06,ASAS-SN V/g,ASAS-SN v_g_mag,True
asassn_transients,8030,asassn15sb,ASASSN-15sb,ASASSN-15sb,90.20058333333334,-15.39997222222222,0.022712,57318.34,,ASAS-SN,rejected_contaminant,reject,,,"source=input/asassn_transients.csv; SN candidate, z=0.022712; Type Ia ""nuclear"" supernova; mag_basis=ASAS-SN v_g_mag; mag_value=16.830; mag_band=ASAS-SN V/g",16.83,ASAS-SN V/g,ASAS-SN v_g_mag,False
asassn_transients,8141,asassn15oi,ASASSN-15oi,ASASSN-15oi,309.7872083333333,-30.75627777777778,0.02,57248.2,,ASAS-SN,tde_candidate,likely,,,"source=input/asassn_transients.csv; upadte: TDE candidate at z=0.02; SN candidate, unknown redshift;; mag_basis=ASAS-SN v_g_mag; mag_value=16.310; mag_band=ASAS-SN V/g",16.31,ASAS-SN V/g,ASAS-SN v_g_mag,True
asassn_transients,8622,asassn14li,ASASSN-14li,ASASSN-14li,192.06333333333333,17.774055555555556,0.0206,56983.63,,ASAS-SN,tde_candidate,likely,,,"source=input/asassn_transients.csv; TDE candidate, z=0.0206, see ATel 6777 for details; mag_basis=ASAS-SN v_g_mag; mag_value=16.510; mag_band=ASAS-SN V/g",16.51,ASAS-SN V/g,ASAS-SN v_g_mag,True
asassn_transients,9084,asassn14ae,ASASSN-14ae,ASASSN-14ae,167.165625,34.09897222222222,0.043671,56682.51,,ASAS-SN,tde,secure,,,"source=input/asassn_transients.csv; Update (May 2015): this was most likely a tidal disruption event, see Holoien et al. (2014, MNRAS, 445, 3263); original comment: confirmed transient, most likely overluminous Type II SN at z=0.043671; mag_basis=ASAS-SN v_g_mag; mag_value=17.160; mag_band=ASAS-SN V/g",17.16,ASAS-SN V/g,ASAS-SN v_g_mag,True
